left_benchmark,right_benchmark,median_abs_task_similarity,mean_abs_task_similarity,sampled_left_tasks,sampled_right_tasks
arc-agi-2,arc-agi-2,0.9461102482226484,0.9247589471499446,40,40
lawbench,lawbench,0.8983568182371244,0.9102439262615626,40,40
sldbench,swebench-verified,0.8114781138662808,0.7095809585046231,1,9
arc-agi-2,replicationbench,0.7501029737558809,0.6739319856061311,40,40
labbench,labbench,0.7473803249976787,0.6972810528942193,40,40
compilebench,sldbench,0.7275247151111663,0.7275247151111663,2,1
usaco,usaco,0.6711876988748788,0.6227646520263309,40,40
swebench-multilingual,swebench-multilingual,0.6566929518645055,0.6477361596583787,40,40
simpleqa,simpleqa,0.6326195932841465,0.6020399063449339,40,40
replicationbench,replicationbench,0.6171463130430936,0.573764415693962,40,40
swebench-verified,swebench-verified,0.6150683257085983,0.5683853930039743,9,9
arc-agi-2,labbench,0.562881660224357,0.5615226453189388,40,40
medagentbench,medagentbench,0.5496967969188611,0.54047234007102,40,40
lawbench,spider2,0.5399432217810098,0.49088590513401664,40,32
crustbench,crustbench,0.5381749861051347,0.5340272944383543,40,40
compilebench,compilebench,0.5247699531820812,0.5247699531820812,2,2
medagentbench,sldbench,0.5200131760221053,0.49298558328846853,40,1
ineqmath,ineqmath,0.5123547344079844,0.49745799214491637,21,21
arc-agi-2,simpleqa,0.5088309771527659,0.48121333046489,40,40
arc-agi-2,gpqa-diamond,0.5057451378457063,0.4987083912096423,40,40
compilebench,swebench-verified,0.4999214232481584,0.48156341384747375,2,9
aime,aime,0.4946153769905566,0.47731420916886824,40,40
labbench,replicationbench,0.4830126135368357,0.4659563333039167,40,40
labbench,simpleqa,0.47838458582405474,0.4637252988401933,40,40
featurebench-modal,featurebench-modal,0.470306930618286,0.46343178088899484,40,40
aider-polyglot,aider-polyglot,0.46688458877106176,0.4573546238011623,40,40
arc-agi-2,swebenchpro,0.46571821302169025,0.4419151587917057,40,5
arc-agi-2,bixbench,0.4504844379697578,0.4451868029277928,40,38
replicationbench,swebenchpro,0.44550397799663677,0.43221757693205914,40,5
gaia,simpleqa,0.4453314080823264,0.4401221024474079,40,40
replicationbench,simpleqa,0.4451287930937726,0.43266241977706277,40,40
arc-agi-2,crustbench,0.43618162627719426,0.4479144765106517,40,40
gaia,gaia,0.4303936555475426,0.4183818664164704,40,40
arc-agi-2,gaia,0.429905628352613,0.43547917349261867,40,40
kumo,sldbench,0.4282416160286165,0.4789961532319843,40,1
crustbench,sldbench,0.4209249270471951,0.4275059203963944,40,1
crustbench,labbench,0.4196940974850222,0.4165911769980121,40,40
crustbench,replicationbench,0.41543561169828047,0.4246095449707335,40,40
sldbench,swebenchpro,0.4145160617131243,0.44482594513154794,1,5
spider2,spider2,0.41450116161797956,0.4370644446642627,32,32
aime,omnimath,0.4113031298231195,0.40766723449412656,40,19
crustbench,simpleqa,0.4071719925389523,0.4006643129619821,40,40
gpqa-diamond,replicationbench,0.39389517369166754,0.39334162140880546,40,40
arc-agi-2,gso,0.3900346222053417,0.40597867202550786,40,4
gaia,replicationbench,0.38033539303614916,0.3820800812497275,40,40
compilebench,swebench-multilingual,0.37802597138881794,0.37499717181573355,2,40
compilebench,crustbench,0.37784541422393747,0.42099746508481656,2,40
medagentbench,swebench-verified,0.37766212262149496,0.36995430170095206,40,9
crustbench,qcircuitbench,0.3744589376679298,0.38495283111192385,40,3
swebench-multilingual,swtbench,0.3744078232666581,0.37210255291960176,40,39
aime,simpleqa,0.3677184594195245,0.3653822405703177,40,40
lawbench,usaco,0.3668702942751787,0.35058236395844683,40,40
aider-polyglot,arc-agi-2,0.3642539572041298,0.34617103337477145,40,40
bixbench,replicationbench,0.3637387045789679,0.3897893298478755,38,40
compilebench,medagentbench,0.36315697026752297,0.3497537945105337,2,40
crustbench,gaia,0.3607077748945011,0.35848757135826453,40,40
swebenchpro,swebenchpro,0.3560241234164533,0.35704806353965085,5,5
featurebench-modal,spider2,0.35203080124533603,0.3617964112061549,40,32
arc-agi-2,qcircuitbench,0.3513080826927533,0.48122670909935145,40,3
qcircuitbench,swebenchpro,0.3503814871734106,0.3916568156204778,3,5
aider-polyglot,sldbench,0.3466415842814048,0.3402235896862254,40,1
aider-polyglot,crustbench,0.3463719094407398,0.3385191879693971,40,40
qcircuitbench,qcircuitbench,0.3460032872503999,0.2874526304248475,3,3
ineqmath,lawbench,0.34399721025757846,0.37063371963443575,21,40
strongreject,strongreject,0.34379991499772866,0.38881874297363545,9,9
algotune,arc-agi-2,0.34276307092933933,0.3111468740265238,40,40
gso,replicationbench,0.3423837822374513,0.36358032874353985,4,40
aider-polyglot,simpleqa,0.342319468882424,0.32979361034907984,40,40
crustbench,featurebench-modal,0.34202319328652026,0.3361464636970025,40,40
kumo,swebench-verified,0.34143621302325977,0.38028358798136724,40,9
bixbench,simpleqa,0.3411384978374019,0.3357016644051251,38,40
gpqa-diamond,gpqa-diamond,0.34007646448848616,0.3424217747720578,40,40
crustbench,gpqa-diamond,0.3376438093239652,0.337168783788165,40,40
spider2,usaco,0.3374711261922972,0.3589415053098571,32,40
lawbench,swebench-multilingual,0.33611501609003996,0.31180896613499015,40,40
gpqa-diamond,simpleqa,0.3337158838103582,0.3376911346956838,40,40
aime,humanevalfix,0.33346658962023307,0.3313235582741048,40,35
labbench,mmmlu,0.3333256603403142,0.34587743821377015,40,40
algotune,sldbench,0.33324091216178864,0.3497623525016501,40,1
arc-agi-2,mmau,0.3325558190726806,0.3331057823698172,40,40
gaia,labbench,0.33102288803694885,0.34537200230088017,40,40
omnimath,omnimath,0.33099544755518906,0.35443455523675443,19,19
crustbench,swebench-verified,0.3306703064969695,0.3384633654144268,40,9
gpqa-diamond,labbench,0.3288658281993723,0.3289135098396641,40,40
arc-agi-2,mmmlu,0.32785844022259186,0.3831787402606286,40,40
gso,swebenchpro,0.3278342078673803,0.33203678588649355,4,5
qcircuitbench,replicationbench,0.32710576603484826,0.4071116298411185,3,40
crustbench,swebench-multilingual,0.3259680633147267,0.3273154480967736,40,40
sldbench,swesmith,0.3252910333732555,0.3207469709349783,1,8
compilebench,kumo,0.3248540725144752,0.3568253806344323,2,40
arc-agi-2,featurebench-modal,0.32456468089119417,0.3073718748397117,40,40
omnimath,simpleqa,0.32410558583311366,0.31994297094594465,19,40
labbench,qcircuitbench,0.3231877525075251,0.3503237468592046,40,3
bixbench,swebenchpro,0.32227452647430005,0.329806208527263,38,5
replicationbench,swebench-verified,0.3220828407400116,0.3403195421136261,40,9
livecodebench,livecodebench,0.32179798754910505,0.37109940045699064,40,40
featurebench-modal,swebench-multilingual,0.31717137674531054,0.3124011944719852,40,40
swebench-verified,swebenchpro,0.31698132144006597,0.3796233459098206,9,5
crustbench,usaco,0.3169069693352772,0.31544422511013503,40,40
swtbench,swtbench,0.3114990504999652,0.3322522865056122,39,39
livecodebench,simpleqa,0.3112589136029318,0.3191910813703327,40,40
swesmith,swesmith,0.3109313127022436,0.3103878473232956,8,8
spider2,swebench-multilingual,0.31068258054261466,0.3133542168206141,32,40
labbench,swebenchpro,0.3101263002813692,0.29096346766860326,40,5
algotune,replicationbench,0.3087787400482489,0.2988335057698219,40,40
swebenchpro,swesmith,0.30850791889671314,0.29183460384474585,5,8
crustbench,swebenchpro,0.3083668213584855,0.3142742512500583,40,5
aider-polyglot,labbench,0.3072600592082322,0.2935939416663416,40,40
mmmlu,replicationbench,0.30707923013547694,0.3314934685966528,40,40
replicationbench,swesmith,0.30653735136129234,0.33878748022557836,40,8
bixbench,gaia,0.3057661695901597,0.3032763649203287,38,40
bixbench,swebench-verified,0.30563735397512937,0.33683978968054756,38,9
aime,spider2,0.3045678181367657,0.32301215136155237,40,32
mmmlu,swebenchpro,0.3044550107461623,0.31474573798374594,40,5
algotune,qcircuitbench,0.3042617481668962,0.30424441510193717,40,3
compilebench,swebenchpro,0.30392541200372786,0.2915264190329746,2,5
seal0,seal0,0.3031373788404216,0.31054838549439684,40,40
bixbench,crustbench,0.3023502969067706,0.31383475530354266,38,40
aider-polyglot,replicationbench,0.30090689809394566,0.2877587488911034,40,40
aider-polyglot,gaia,0.3006157785148683,0.3002266458510961,40,40
gpqa-diamond,qcircuitbench,0.3003353735853104,0.3474779144754809,40,3
labbench,usaco,0.2993317688557401,0.31393488577070344,40,40
crustbench,livecodebench,0.2985630953498431,0.313106219718974,40,40
mmmlu,simpleqa,0.29750119564068334,0.30515088550745967,40,40
bixbench,sldbench,0.2965612036385771,0.3513717251297582,38,1
livecodebench,qcircuitbench,0.29612550015740435,0.33515007025575205,40,3
swebench-multilingual,usaco,0.29514073809045377,0.29782324600146354,40,40
mmau,qcircuitbench,0.29486065646355686,0.3044191045225387,40,3
kumo,medagentbench,0.2946583954013905,0.30698532773100007,40,40
qcircuitbench,sldbench,0.2937714720104048,0.32469866276429044,3,1
gaia,qcircuitbench,0.29305739101526607,0.31736922715201377,40,3
crustbench,spider2,0.29233640646340453,0.2932983759925319,40,32
medagentbench,swebenchpro,0.29176824038658977,0.30380772693499397,40,5
aime,usaco,0.29040488563353545,0.28857407821263914,40,40
gaia,gpqa-diamond,0.2899605701681127,0.30928009909331133,40,40
gpqa-diamond,sldbench,0.28895128914989365,0.2969828936495448,40,1
arc-agi-2,reasoning-gym,0.2882087250552633,0.31997572444751976,40,40
gpqa-diamond,livecodebench,0.28799621972352274,0.3089471727029832,40,40
arc-agi-2,spider2,0.28763130186802965,0.32003708374813905,40,32
aime,lawbench,0.28730766159078125,0.31909186366827513,40,40
gaia,medagentbench,0.2863523786860305,0.3000334523192702,40,40
aider-polyglot,swebench-verified,0.2862288067038387,0.2841149872906997,40,9
compilebench,mmau,0.28620996865010295,0.3026178356226171,2,40
kumo,swebenchpro,0.28579407342155866,0.28798554519099395,40,5
aider-polyglot,algotune,0.28563992662699456,0.299447310910631,40,40
labbench,livecodebench,0.28538820656420427,0.32276055811640647,40,40
crustbench,mmau,0.2845108775240349,0.29318968764982334,40,40
aider-polyglot,featurebench-modal,0.2833972546814403,0.2794484512015513,40,40
gpqa-diamond,swebench-verified,0.28190786864489803,0.28948628233236995,40,9
aider-polyglot,compilebench,0.2818895371635451,0.3066833542506962,40,2
bixbench,gpqa-diamond,0.28063429064817713,0.30712401886944524,38,40
arc-agi-2,swesmith,0.2796235109324292,0.35474748169009307,40,8
aime,crustbench,0.2795051008014235,0.30008012745234663,40,40
gaia,swebenchpro,0.27941217632922005,0.29496571009231526,40,5
algotune,swebenchpro,0.27914453550440277,0.28915708330263956,40,5
algotune,medagentbench,0.27896808259585726,0.2781191725922219,40,40
humanevalfix,usaco,0.2775079672979489,0.296689408573382,35,40
featurebench-modal,replicationbench,0.277253485263664,0.28270112958706545,40,40
livecodebench,usaco,0.2764771005756015,0.3027000521043833,40,40
gso,qcircuitbench,0.274494277599305,0.36214160405339807,4,3
featurebench-modal,simpleqa,0.27286418037340676,0.26879000328755964,40,40
aider-polyglot,livecodebench,0.2720848801505944,0.2738186911932321,40,40
aider-polyglot,medagentbench,0.2714600333867159,0.28097266474310445,40,40
gaia,livecodebench,0.2711849473048157,0.28948975922277126,40,40
mmau,replicationbench,0.2704184210882894,0.2803659801471578,40,40
devopsgym,swebench-verified,0.27023011240402034,0.2846333092827567,3,9
aime,gaia,0.2701182060610719,0.29056200318190434,40,40
algotune,crustbench,0.2697988683468974,0.27152419168149794,40,40
algotune,compilebench,0.2694039493841468,0.2740657504321592,40,2
aider-polyglot,gpqa-diamond,0.2690665510013054,0.2776714911650734,40,40
replicationbench,sldbench,0.2686145325125016,0.32424097474730407,40,1
seal0,simpleqa,0.26779886697898597,0.27961705060150466,40,40
medagentbench,qcircuitbench,0.2674980067349688,0.27807079752253877,40,3
qcircuitbench,swebench-verified,0.2674079241833469,0.31567071737900615,3,9
arc-agi-2,swebench-verified,0.2670569489705906,0.33959009425118797,40,9
featurebench-modal,labbench,0.2662042745970895,0.26473316277061015,40,40
featurebench-modal,usaco,0.2658067146329317,0.2769546415023352,40,40
gso,gso,0.26503841108357806,0.3478264746150126,4,4
medagentbench,replicationbench,0.26412427024616375,0.27360573697612195,40,40
arc-agi-2,swebench-multilingual,0.2640344877110382,0.294187298805159,40,40
labbench,reasoning-gym,0.263465697551367,0.2795842099797975,40,40
crustbench,swtbench,0.2632274812134204,0.2787514042067731,40,39
compilebench,qcircuitbench,0.2631815101696092,0.2656000315587019,2,3
featurebench-modal,swebench-verified,0.26295746561026756,0.24762068965150236,40,9
qcircuitbench,usaco,0.262816174062634,0.29407846263752513,3,40
algotune,swebench-verified,0.26228811743904,0.2648075015062931,40,9
arc-agi-2,livecodebench,0.2612717127661158,0.37046029028952476,40,40
algotune,algotune,0.26048370844691093,0.291289845043287,40,40
aime,ineqmath,0.2603069244969929,0.29176948930977664,40,21
swebench-verified,swesmith,0.2600299290623286,0.28924718042740527,9,8
bixbench,qcircuitbench,0.2596893517103788,0.3040319282266655,38,3
gpqa-diamond,swebenchpro,0.25837182087816163,0.28800690518186106,40,5
simpleqa,spider2,0.258349333172489,0.27140676687563625,40,32
crustbench,kumo,0.25824528680705394,0.2794825756435034,40,40
crustbench,swe-lancer,0.25822131471988674,0.28359537929099904,40,12
qcircuitbench,simpleqa,0.25804736630766467,0.3044103906362045,3,40
bixbench,bixbench,0.25789955530821257,0.30662633354521535,38,38
labbench,spider2,0.2575376055541635,0.2765611201422059,40,32
aime,featurebench-modal,0.2570402889932262,0.2597033525298192,40,40
bixbench,labbench,0.25589390421331826,0.2912896933156994,38,40
featurebench-modal,qcircuitbench,0.25562727541742747,0.2741358122363577,40,3
compilebench,swtbench,0.25528570185945976,0.2915934958561103,2,39
featurebench-modal,swebenchpro,0.25459878097977046,0.26403638411786906,40,5
medagentbench,simpleqa,0.2545821761552175,0.26315855842414615,40,40
livecodebench,replicationbench,0.2543666141040658,0.3115622547442602,40,40
featurebench-modal,sldbench,0.2543474580612066,0.2656577107494604,40,1
gpqa-diamond,medagentbench,0.25429359273118146,0.2805485738096041,40,40
compilebench,usaco,0.25312034469161615,0.2631877814018563,2,40
bixbench,medagentbench,0.25304656297469974,0.2634292375695246,38,40
aider-polyglot,seal0,0.25295371592639737,0.264607241095329,40,40
simpleqa,swebenchpro,0.2518060166896213,0.28460957879787785,40,5
aime,arc-agi-2,0.25178643767845943,0.2931269300943684,40,40
aider-polyglot,qcircuitbench,0.2514016692094944,0.30326516385317653,40,3
mmau,sldbench,0.25050675889404495,0.3009486648555824,40,1
gaia,gso,0.24915565169280604,0.25610217281510966,40,4
gpqa-diamond,usaco,0.2491185842458234,0.26992815788113533,40,40
gaia,omnimath,0.24853873559980255,0.2612914514122923,40,19
omnimath,spider2,0.24739217899664936,0.26585511193383754,19,32
gaia,mmmlu,0.246654272121127,0.27228221299353406,40,40
aime,gpqa-diamond,0.24600804430404793,0.2676872971431703,40,40
swe-lancer,swebench-verified,0.24534803842454422,0.3095215203111957,12,9
mmau,mmau,0.24459958360789397,0.26215966462277435,40,40
crustbench,medagentbench,0.24453962605519688,0.24958202450662806,40,40
qcircuitbench,swebench-multilingual,0.24346782785244941,0.22666171332885449,3,40
swebenchpro,swtbench,0.24334984314008296,0.26241308585462253,5,39
livecodebench,swebenchpro,0.2432098984527191,0.25456332603553505,40,5
aime,replicationbench,0.2431910584010365,0.27212531150747304,40,40
gpqa-diamond,mmau,0.24288377136540049,0.2597036090884676,40,40
featurebench-modal,swtbench,0.2425475808664435,0.25348880549070646,40,39
omnimath,seal0,0.24172605248898646,0.25350056825796097,19,40
aider-polyglot,bixbench,0.24130852618257584,0.2469229636705211,40,38
humanevalfix,omnimath,0.24063341098095908,0.2720376170221303,35,19
ineqmath,labbench,0.24017741729455966,0.2612581451515785,21,40
featurebench-modal,gaia,0.2400225043237717,0.24416753013172623,40,40
featurebench-modal,gpqa-diamond,0.2393115486933845,0.2439648298969991,40,40
arc-agi-2,usaco,0.23746064975914066,0.2930520145118383,40,40
bixbench,mmmlu,0.23726986278438827,0.2667194247872324,38,40
gpqa-diamond,kumo,0.23705713627602387,0.2579365276908546,40,40
mmau,swebench-verified,0.23635053373955228,0.27224796901696413,40,9
livecodebench,mmau,0.2363196212584453,0.2606987783400212,40,40
gaia,swesmith,0.23622902685597325,0.2592698681380184,40,8
simpleqa,swe-lancer,0.23544888731373312,0.24988945506359694,40,12
reasoning-gym,replicationbench,0.23511509959639074,0.2727701862161223,40,40
algotune,gpqa-diamond,0.2351043456434736,0.2461405909735772,40,40
aider-polyglot,kumo,0.23503490644105318,0.23515851156274978,40,40
humanevalfix,simpleqa,0.2347361449776465,0.2410296037108557,35,40
featurebench-modal,swe-lancer,0.23231804821607244,0.23634920290952088,40,12
aider-polyglot,omnimath,0.23217801192929677,0.2522947478042677,40,19
aime,seal0,0.23129032926825943,0.23968770068470902,40,40
mmmlu,mmmlu,0.23117098224201754,0.30221240963882684,40,40
simpleqa,sldbench,0.23114012583779509,0.22518465604659949,40,1
bixbench,mmau,0.2310378444849322,0.2499534123936027,38,40
omnimath,usaco,0.23039133031570075,0.24679991549197539,19,40
reasoning-gym,usaco,0.23029415842313444,0.2544777196133679,40,40
algotune,swesmith,0.2301670647062253,0.23775135183246662,40,8
simpleqa,swesmith,0.23014004216654882,0.25995103092629984,40,8
algotune,livecodebench,0.230029097567717,0.24002634321403285,40,40
bixbench,featurebench-modal,0.2299384014380858,0.23298649254908882,38,40
qcircuitbench,swtbench,0.229638656469793,0.2862398816411761,3,39
gaia,sldbench,0.2295530825657737,0.26375205652384315,40,1
ineqmath,reasoning-gym,0.22948087006122572,0.281614443538278,21,40
simpleqa,usaco,0.2285769002073365,0.2524787590237689,40,40
featurebench-modal,seal0,0.22856588977953213,0.24843618275141782,40,40
crustbench,gso,0.22831347962173107,0.2585151675098999,40,4
seal0,spider2,0.22771008063613568,0.2373914890994871,40,32
livecodebench,swebench-verified,0.22751164897774956,0.270731936280263,40,9
devopsgym,swtbench,0.22742547786373282,0.23938785149031333,3,39
featurebench-modal,lawbench,0.22665450818842064,0.25081981499452966,40,40
algotune,gso,0.22662194025674903,0.224161955643646,40,4
featurebench-modal,omnimath,0.22661436914511318,0.2450753820867874,40,19
ineqmath,spider2,0.22600202164952354,0.25607814209864166,21,32
gaia,seal0,0.22577897323482635,0.2491117317082815,40,40
compilebench,gaia,0.2257393196960597,0.26317287015099955,2,40
crustbench,mmmlu,0.22531994740226918,0.24474630314895005,40,40
gpqa-diamond,omnimath,0.2251534357717857,0.23564463356396154,40,19
algotune,bixbench,0.2247993744179057,0.23554535751114258,40,38
featurebench-modal,medagentbench,0.22435276573746762,0.22040886243652416,40,40
gaia,mmau,0.22359645844080145,0.24661110249659415,40,40
algotune,gaia,0.2234328312781954,0.24068178779750873,40,40
reasoning-gym,reasoning-gym,0.22315667455846921,0.26052706083019295,40,40
aider-polyglot,swebenchpro,0.22274468465193115,0.24576309849225303,40,5
gso,mmau,0.22237436493571444,0.2301091913992906,4,40
labbench,strongreject,0.2219689107817167,0.2414460668162723,40,9
crustbench,humanevalfix,0.22144498220772552,0.25901649572337015,40,35
mmau,swebenchpro,0.22133577087689538,0.2497742119589011,40,5
crustbench,omnimath,0.22119801775219564,0.2371553182346426,40,19
arc-agi-2,medagentbench,0.22048867036684086,0.23984371996638387,40,40
lawbench,seal0,0.2202875382994614,0.2162948782415796,40,40
lawbench,omnimath,0.2200845079133325,0.24069278826885124,40,19
arc-agi-2,bigcodebench,0.21991304244458754,0.2720191056586671,40,40
crustbench,swesmith,0.21903561815231093,0.24716387359355246,40,8
mmau,swesmith,0.21901971126117423,0.2311670259014426,40,8
compilebench,gpqa-diamond,0.21899869273139827,0.24522529173935936,2,40
ineqmath,mmmlu,0.21883498933287535,0.25599365118989503,21,40
bixbench,livecodebench,0.2185970203791666,0.27026619657685796,38,40
ineqmath,omnimath,0.21808660491303256,0.2400747868781498,21,19
kumo,qcircuitbench,0.21793919989263083,0.23955308497459302,40,3
kumo,simpleqa,0.21776742760513274,0.2341440624950925,40,40
aime,labbench,0.21736142347123594,0.2514327706513577,40,40
gpqa-diamond,mmmlu,0.21703662798923012,0.25414639674262235,40,40
gpqa-diamond,spider2,0.21697521496104433,0.23355316105950683,40,32
algotune,labbench,0.21613826410478812,0.22623746123511043,40,40
gpqa-diamond,swe-lancer,0.21598800510875626,0.24822818175618835,40,12
livecodebench,medagentbench,0.21589891255899551,0.2324968991427588,40,40
livecodebench,sldbench,0.21541708887964384,0.3152912244228467,40,1
reasoning-gym,swebenchpro,0.21518607853164118,0.23532734995713775,40,5
swebench-multilingual,swebench-verified,0.21476201564513275,0.22943688197423748,40,9
algotune,kumo,0.21456769317129454,0.2313916515174471,40,40
mmmlu,spider2,0.21455821053458302,0.23267768595758137,40,32
ineqmath,swebenchpro,0.21434174758204325,0.24095080216612585,21,5
omnimath,replicationbench,0.21430564747484493,0.23723750753160278,19,40
kumo,replicationbench,0.2142751357744775,0.265988949672175,40,40
gso,medagentbench,0.21425240659304484,0.21846795953012482,4,40
labbench,omnimath,0.21367312139524663,0.21784673745588579,40,19
compilebench,featurebench-modal,0.21336254451672476,0.2388737435280734,2,40
kumo,mmau,0.21323394104791488,0.24384207732620497,40,40
qcircuitbench,swesmith,0.21307392712706485,0.24978832013562766,3,8
arc-agi-2,omnimath,0.21252828177418598,0.26445378031782624,40,19
medagentbench,swesmith,0.21247153971159632,0.21992128482756454,40,8
devopsgym,medagentbench,0.2122648195405753,0.2250158787583146,3,40
gpqa-diamond,swesmith,0.21206856686616588,0.25261132785707885,40,8
aider-polyglot,usaco,0.21195342938850026,0.22528925739689198,40,40
crustbench,seal0,0.2113494844933123,0.23018228534051222,40,40
featurebench-modal,kumo,0.2113185867729241,0.22740126318448672,40,40
gaia,swebench-verified,0.21113581692956118,0.23704323390548115,40,9
compilebench,swesmith,0.2105513561754099,0.2584426536156287,2,8
aime,reasoning-gym,0.21047353347870745,0.2398719649514652,40,40
seal0,sldbench,0.21017340390896289,0.20281018738063622,40,1
reasoning-gym,sldbench,0.20984616007312495,0.1958330056003474,40,1
algotune,simpleqa,0.2097756807390333,0.22859956822273106,40,40
gpqa-diamond,gso,0.20919589244373127,0.2696622205443772,40,4
algotune,featurebench-modal,0.20880855569653617,0.2350556963428091,40,40
swebench-verified,swtbench,0.20872337519240738,0.25134098630568297,9,39
medagentbench,mmau,0.2086637739618375,0.24267842465779713,40,40
gpqa-diamond,reasoning-gym,0.2082200011644617,0.23751891147924772,40,40
replicationbench,swe-lancer,0.20796147564173573,0.2869437255311654,40,12
gpqa-diamond,strongreject,0.2079009772151565,0.22458613890787424,40,9
qcircuitbench,swe-lancer,0.20779067770539664,0.2420643871351374,3,12
algotune,mmau,0.20776752048317537,0.21762126675655366,40,40
mmmlu,usaco,0.20768325685773667,0.248514252941643,40,40
gpqa-diamond,humanevalfix,0.20754253347239987,0.2173823689902263,40,35
reasoning-gym,spider2,0.20662599655557587,0.2293935497073571,40,32
spider2,swe-lancer,0.20659717345776948,0.23830135913333073,32,12
swe-lancer,usaco,0.20654197733140423,0.21815113466226474,12,40
mmmlu,swebench-multilingual,0.2063573378917407,0.22002494655531316,40,40
swe-lancer,swesmith,0.20623576890780346,0.25062571591731125,12,8
qcircuitbench,reasoning-gym,0.20554950755690454,0.24462873541260435,3,40
mmau,simpleqa,0.2053088274908338,0.22675149736841888,40,40
bixbench,swesmith,0.20525268357345866,0.2597313789546934,38,8
medagentbench,swe-lancer,0.20524754223339142,0.24776225476401056,40,12
aider-polyglot,swesmith,0.20514924722646372,0.21686765303803962,40,8
arc-agi-2,ineqmath,0.20498906191213015,0.22602128515892722,40,21
replicationbench,seal0,0.20498226874496084,0.22425694559156362,40,40
devopsgym,swebench-multilingual,0.20496711265813738,0.21059865410225764,3,40
reasoning-gym,swebench-multilingual,0.20453770378381658,0.22726586494429799,40,40
kumo,kumo,0.20424286144234144,0.2967212104731371,40,40
reasoning-gym,swebench-verified,0.20422037084282674,0.22119002553501038,40,9
aime,swe-lancer,0.20414730539063092,0.250330188281966,40,12
mmmlu,reasoning-gym,0.2040950159089326,0.2298629245410529,40,40
aider-polyglot,spider2,0.20386597640934218,0.22093937327968774,40,32
aider-polyglot,mmau,0.20318404186241046,0.2255750396650429,40,40
swe-lancer,swebenchpro,0.20199108399841392,0.24620359316001642,12,5
aider-polyglot,aime,0.2019667861796805,0.22498978998459593,40,40
gaia,swe-lancer,0.20155560529647495,0.22299720660372266,40,12
livecodebench,reasoning-gym,0.20137564134412417,0.24008273691625606,40,40
replicationbench,spider2,0.2012314679874767,0.24748695595213926,40,32
devopsgym,sldbench,0.20102862968253798,0.246968498492108,3,1
replicationbench,swebench-multilingual,0.20071935344663186,0.20214667931508878,40,40
algotune,seal0,0.20019319892472168,0.2210013786410592,40,40
bixbench,gso,0.2000488336490954,0.27478490589130766,38,4
qcircuitbench,seal0,0.19991579708873874,0.20934212431161522,3,40
bfcl,replicationbench,0.19990968816701588,0.20957790371780163,40,40
compilebench,labbench,0.1995375789486581,0.20807302990720827,2,40
aime,bixbench,0.19942735515387972,0.23189911892324228,40,38
kumo,swesmith,0.19910543254094698,0.2281600562373251,40,8
livecodebench,swebench-multilingual,0.1990998462375047,0.21532031671761562,40,40
gaia,kumo,0.19857530454990618,0.23287937374318946,40,40
arc-agi-2,bfcl,0.1985675703607998,0.20398939990580048,40,40
seal0,swebenchpro,0.19851585505202587,0.20529001670843428,40,5
qcircuitbench,spider2,0.19850049901788996,0.2347390316348363,3,32
mmau,usaco,0.19825830555145407,0.21106030864884887,40,40
featurebench-modal,reasoning-gym,0.19774151864846384,0.20514906116377887,40,40
arc-agi-2,sldbench,0.19740357383628782,0.2118073648405166,40,1
bigcodebench,swebench-multilingual,0.19725576373421416,0.20790920968672397,40,40
aime,livecodebench,0.1969669581144751,0.23479734630975407,40,40
arc-agi-2,swtbench,0.19685719035479815,0.28377253788856854,40,39
bixbench,kumo,0.19678362942393943,0.26658470405783363,38,40
aider-polyglot,humanevalfix,0.1963290812823004,0.1937519154413802,40,35
reasoning-gym,simpleqa,0.19538555106717853,0.22959415071661782,40,40
compilebench,replicationbench,0.1951360533501339,0.23753814592979178,2,40
mmau,swtbench,0.1949412804850378,0.22098487825156424,40,39
mmmlu,sldbench,0.19478692017091384,0.2481652155195253,40,1
swe-lancer,swebench-multilingual,0.19476363243880684,0.21332822505177038,12,40
gso,labbench,0.19453874156915707,0.2027936585646196,4,40
mmmlu,qcircuitbench,0.19426400043576758,0.2615501773734847,40,3
featurebench-modal,ineqmath,0.19423993172796994,0.2021325344468365,40,21
swtbench,usaco,0.1938919006694178,0.20649450212608078,39,40
livecodebench,mmmlu,0.19389013222074553,0.2330056738221681,40,40
gaia,spider2,0.1934611124531409,0.2137235827660029,40,32
gpqa-diamond,swebench-multilingual,0.19336086143103778,0.20321867478512534,40,40
bigcodebench,replicationbench,0.19315043596410747,0.23086496153677266,40,40
algotune,swe-lancer,0.19275751978069525,0.21213313097343753,40,12
crustbench,reasoning-gym,0.1927186621886012,0.22396487186822533,40,40
labbench,seal0,0.1922801846673204,0.21733311418633847,40,40
humanevalfix,seal0,0.19224498552567945,0.19453574623495087,35,40
labbench,swesmith,0.19181082313244482,0.25040536621704945,40,8
gpqa-diamond,swtbench,0.19150729055353227,0.22254836202966916,40,39
featurebench-modal,mmmlu,0.19135087832491293,0.20819359972408905,40,40
sldbench,swebench-multilingual,0.19108079811698303,0.20417930365554865,1,40
aider-polyglot,bfcl,0.19081354062044004,0.2114790721481512,40,40
featurebench-modal,mmau,0.190472226470664,0.19927870869582967,40,40
labbench,sldbench,0.18998326661274545,0.18540510785605108,40,1
bixbench,swe-lancer,0.18947514754164574,0.2576943482204918,38,12
simpleqa,swebench-verified,0.18944413268695737,0.20910262018154116,40,9
lawbench,swe-lancer,0.18925824657979468,0.21635327653889813,40,12
gaia,swtbench,0.18920189178648084,0.21076998772930852,40,39
arc-agi-2,swe-lancer,0.1889013997667756,0.29338179714145407,40,12
bigcodebench,qcircuitbench,0.18883784048479058,0.24496005423564035,40,3
mmmlu,swebench-verified,0.18833826450064578,0.2516109370273396,40,9
featurebench-modal,livecodebench,0.188314781483646,0.202809905647403,40,40
compilebench,livecodebench,0.18791799388523178,0.3040985003783431,2,40
bixbench,reasoning-gym,0.18756446172285482,0.22189424707004818,38,40
labbench,mmau,0.18753092602028576,0.20791905172993375,40,40
reasoning-gym,swtbench,0.18744309126652026,0.2186886423317645,40,39
humanevalfix,labbench,0.18731846086507842,0.19879509389492026,35,40
mmmlu,swtbench,0.18713026310496458,0.20987869662540573,40,39
replicationbench,swtbench,0.18703164953645746,0.24564881135516065,40,39
bigcodebench,crustbench,0.18695514780507763,0.20897610872620814,40,40
spider2,swtbench,0.1869391920675416,0.21113075269535114,32,39
labbench,swtbench,0.18693402638106477,0.22564383610785907,40,39
replicationbench,usaco,0.18642543115949106,0.22930072861618464,40,40
bixbench,usaco,0.185947048573777,0.2146991088912255,38,40
devopsgym,swe-lancer,0.1859338632629376,0.18845835941515346,3,12
aime,mmmlu,0.18565457969513433,0.21645339427841134,40,40
gaia,reasoning-gym,0.185618373795569,0.2159073041196775,40,40
arc-agi-2,seal0,0.18555229834821427,0.22684436979437483,40,40
omnimath,reasoning-gym,0.18511219715620242,0.21784933851743413,19,40
kumo,seal0,0.18497539342623032,0.1945527099568472,40,40
reasoning-gym,swe-lancer,0.1848860104069227,0.21663525511767634,40,12
aider-polyglot,gso,0.18462391273332465,0.19233928552357324,40,4
gaia,swebench-multilingual,0.18437366325297488,0.1971827734195197,40,40
bfcl,bfcl,0.18426515927514137,0.20986882092561682,40,40
mmau,swe-lancer,0.184258484443363,0.22074757161853029,40,12
humanevalfix,lawbench,0.18402191719901584,0.20629114745599833,35,40
arc-agi-2,strongreject,0.18399505675438121,0.24199148535207923,40,9
labbench,swebench-multilingual,0.18390455962982158,0.21320833686283705,40,40
bixbench,swebench-multilingual,0.18356324966351972,0.19224008280432675,38,40
mmmlu,swesmith,0.18356182266776003,0.21290052875954765,40,8
livecodebench,spider2,0.18353431688186078,0.20523243560083043,40,32
omnimath,swe-lancer,0.18325853315000112,0.2113246822119149,19,12
aime,medagentbench,0.18299761857199992,0.2054592702882917,40,40
gso,lawbench,0.1827760968812918,0.2247409422646344,4,40
livecodebench,omnimath,0.18230593317267318,0.22041588696467063,40,19
livecodebench,swesmith,0.18217504106181143,0.2337451782827651,40,8
arc-agi-2,kumo,0.18203771897364746,0.24721574632297474,40,40
gso,swebench-verified,0.18196506708042476,0.26620617094095855,4,9
medagentbench,strongreject,0.1819063114279844,0.197604270116776,40,9
bixbench,seal0,0.18151767368367935,0.20022269645662655,38,40
kumo,livecodebench,0.18134841231467047,0.2445088332181605,40,40
sldbench,swe-lancer,0.181078240360874,0.34190740663855906,1,12
mmau,reasoning-gym,0.18057923165673911,0.20756312762932105,40,40
aider-polyglot,swtbench,0.18049659917728603,0.19791697800062755,40,39
swe-lancer,swe-lancer,0.18043533214279367,0.2491619696727346,12,12
bixbench,spider2,0.1799863065067776,0.2115984163129613,38,32
bfcl,gaia,0.17933657682310059,0.18975345743472655,40,40
mmau,swebench-multilingual,0.17928624087931966,0.20415299372263093,40,40
gpqa-diamond,seal0,0.17919708511354698,0.20614634853414643,40,40
livecodebench,swtbench,0.17908948136019584,0.21493037497935433,40,39
algotune,mmmlu,0.17898322972736172,0.20057216970162337,40,40
gso,simpleqa,0.17890438760102587,0.22759244774376422,4,40
mmau,mmmlu,0.17881216668382738,0.20568765577402495,40,40
medagentbench,omnimath,0.1784796935371028,0.2012140377055437,40,19
mmau,strongreject,0.1779179913982882,0.20553131942588673,40,9
featurebench-modal,gso,0.17782850138037543,0.19735583344135216,40,4
lawbench,mmmlu,0.1777297283371434,0.2550284563952032,40,40
algotune,bfcl,0.17757635574495556,0.1997024399861473,40,40
aider-polyglot,swe-lancer,0.17741174036219215,0.1911730575951543,40,12
bfcl,crustbench,0.17696449410623766,0.21022564663530885,40,40
bfcl,swebenchpro,0.17682814017956952,0.18475750143245623,40,5
lawbench,reasoning-gym,0.17679580874282308,0.21020944980888842,40,40
bigcodebench,lawbench,0.17661526941429667,0.21335336501458696,40,40
seal0,usaco,0.17657084553730798,0.19728564674712076,40,40
reasoning-gym,swesmith,0.17644865828469317,0.20026280076773717,40,8
devopsgym,gaia,0.17635068391417996,0.18414384534666037,3,40
bfcl,qcircuitbench,0.17623340969396922,0.19601884929778085,40,3
featurebench-modal,humanevalfix,0.1759506069961664,0.20169576438133893,40,35
bfcl,swesmith,0.17565617626576466,0.18664780231660183,40,8
bigcodebench,labbench,0.17562005531268138,0.19683653525814343,40,40
algotune,bigcodebench,0.17530078503742352,0.19088588066443848,40,40
ineqmath,swtbench,0.17464445180081734,0.20619950325391967,21,39
algotune,spider2,0.1746315701188106,0.2044577152521212,40,32
mmmlu,strongreject,0.174379074544539,0.19735506263567837,40,9
aime,mmau,0.1737784552328293,0.19987397418802771,40,40
bigcodebench,swtbench,0.1733133845477728,0.20645074606101635,40,39
bfcl,swe-lancer,0.17311075226784212,0.1853870419880869,40,12
bigcodebench,ineqmath,0.17309375293217255,0.20445934246210057,40,21
ineqmath,qcircuitbench,0.17307014811290303,0.21328351633678694,21,3
arc-agi-2,compilebench,0.17302908654765925,0.1697171006434648,40,2
bigcodebench,gpqa-diamond,0.17280443429110798,0.20597191811220214,40,40
medagentbench,seal0,0.17250317496751513,0.1971562048318111,40,40
bigcodebench,spider2,0.1715805974053599,0.1925629847631202,40,32
humanevalfix,replicationbench,0.17155560337337686,0.19926712373412894,35,40
omnimath,swesmith,0.17148287352420388,0.18328215427106345,19,8
sldbench,swtbench,0.17147545478280607,0.23772772273499543,1,39
omnimath,swebenchpro,0.17140789963760492,0.1800791124210959,19,5
bfcl,swebench-multilingual,0.17105007852954332,0.18260380963870404,40,40
compilebench,mmmlu,0.17100320825300402,0.2180721472185176,2,40
algotune,omnimath,0.17087457021423744,0.20199636644030583,40,19
aime,swesmith,0.17087253215670378,0.19937472891242045,40,8
bigcodebench,gaia,0.17077949403830023,0.19135217202838098,40,40
kumo,mmmlu,0.17072167484452214,0.21096673579558556,40,40
kumo,swe-lancer,0.1706292553833757,0.25088089252945645,40,12
aime,kumo,0.1703251703388197,0.20122065081226487,40,40
aime,algotune,0.1697530165189318,0.18661340586412617,40,40
devopsgym,featurebench-modal,0.16962859373580647,0.20933413286259767,3,40
compilebench,reasoning-gym,0.16960845561541332,0.2035370790823312,2,40
aider-polyglot,mmmlu,0.16938801910834472,0.20302051206539665,40,40
spider2,swesmith,0.16926228164323737,0.19631032019338057,32,8
swebench-verified,usaco,0.1692605952860079,0.1938561930688222,9,40
swe-lancer,swtbench,0.16904132977501454,0.20917869837595413,12,39
gso,mmmlu,0.1690321499520332,0.21536772885302344,4,40
mmau,spider2,0.1688615338189533,0.1880127541715196,40,32
seal0,swe-lancer,0.16876973404431395,0.17886353057617999,40,12
bigcodebench,mmmlu,0.16862934025562834,0.1957927900830079,40,40
algotune,devopsgym,0.1684969482810835,0.17347506567360133,40,3
kumo,usaco,0.1684671254017603,0.19969823882041246,40,40
sldbench,usaco,0.16839513656350058,0.18874408379557847,1,40
aider-polyglot,bigcodebench,0.16807298552986277,0.18399596571965657,40,40
algotune,swtbench,0.16803198497225175,0.18655943766894545,40,39
humanevalfix,mmau,0.1676952015551248,0.19540801042494105,35,40
livecodebench,swe-lancer,0.16733092966296736,0.20906299374269385,40,12
bigcodebench,swebenchpro,0.16707097292808326,0.2101475078382079,40,5
gpqa-diamond,ineqmath,0.16679431703686332,0.19730864976883272,40,21
bfcl,mmau,0.1667622929019837,0.18636598266035442,40,40
livecodebench,seal0,0.1665787951859512,0.19283016442362386,40,40
labbench,swe-lancer,0.1665316095851891,0.21779179525959058,40,12
bfcl,featurebench-modal,0.16652190188039317,0.20148027240920716,40,40
algotune,lawbench,0.16630624241879968,0.18453902404210365,40,40
bfcl,spider2,0.16630289999431616,0.18935122579380476,40,32
devopsgym,seal0,0.1661977647588434,0.1702090827121508,3,40
mmmlu,seal0,0.16600103459303325,0.19279070039572904,40,40
compilebench,simpleqa,0.16580771470848735,0.19031528861132063,2,40
aime,compilebench,0.1656219383260269,0.19619333311921985,40,2
seal0,strongreject,0.16507412649589012,0.174624857430903,40,9
gso,ineqmath,0.16494634527404473,0.1938903434176917,4,21
gso,swesmith,0.16453609070509,0.25343091900434767,4,8
ineqmath,medagentbench,0.1644260463357288,0.1820903360833471,21,40
swebench-multilingual,swesmith,0.16433487945537717,0.16572035197917173,40,8
bigcodebench,mmau,0.1643098951358816,0.18676593626352317,40,40
aider-polyglot,devopsgym,0.16427325453435698,0.16337678519325974,40,3
strongreject,usaco,0.16426496734890977,0.18948353773657425,9,40
gaia,humanevalfix,0.1640841040821831,0.18109588807679788,40,35
gso,swtbench,0.16399291677916084,0.2217621681427272,4,39
kumo,labbench,0.16354775522262543,0.1821151682750913,40,40
humanevalfix,spider2,0.1634382816301968,0.18860715169987205,35,32
lawbench,sldbench,0.16326642337287672,0.15995774272848368,40,1
ineqmath,simpleqa,0.16323298454589183,0.18298609228728252,21,40
devopsgym,swesmith,0.16322081673375088,0.16533212498658736,3,8
bigcodebench,simpleqa,0.1632042257384282,0.18443624672654713,40,40
compilebench,seal0,0.1630488545569455,0.1599332982770938,2,40
reasoning-gym,strongreject,0.1630425506279397,0.19085036927215207,40,9
bfcl,sldbench,0.16297749330575667,0.1746710795267162,40,1
bigcodebench,sldbench,0.16294173905390008,0.1839925394981879,40,1
bigcodebench,reasoning-gym,0.16285380392680338,0.19296818614944278,40,40
bigcodebench,featurebench-modal,0.1626559253299617,0.18659725424554355,40,40
bfcl,bixbench,0.16234891218489195,0.17799315551626874,40,38
medagentbench,swtbench,0.16216135629286033,0.18077396470739987,40,39
bigcodebench,swebench-verified,0.16185255712250868,0.19698081195165665,40,9
strongreject,swebench-multilingual,0.16137354246452668,0.18130434551380203,9,40
spider2,swebenchpro,0.16133637768233494,0.2033853186207452,32,5
gso,reasoning-gym,0.16096458654120682,0.19332084173886718,4,40
aider-polyglot,strongreject,0.16089492210137524,0.17037470010810885,40,9
labbench,swebench-verified,0.16082635669437156,0.207669203762036,40,9
devopsgym,mmmlu,0.1607791672611368,0.18862919076543772,3,40
simpleqa,swtbench,0.1607574784893076,0.18483912902934987,40,39
aider-polyglot,swebench-multilingual,0.16058216780596957,0.18417327458506183,40,40
ineqmath,replicationbench,0.1605147611522412,0.18894281794176648,21,40
crustbench,strongreject,0.15953423778756176,0.1717983793302958,40,9
bfcl,gpqa-diamond,0.1594186217866334,0.17702506710373214,40,40
bixbench,swtbench,0.15929360126343892,0.21085518985338433,38,39
algotune,reasoning-gym,0.1592828969343753,0.1788098462292456,40,40
bfcl,gso,0.1590899243779287,0.17545671722817563,40,4
bfcl,medagentbench,0.1590541960322997,0.17574445327260085,40,40
humanevalfix,ineqmath,0.1589311273666268,0.20487413740888857,35,21
humanevalfix,mmmlu,0.15886964609386195,0.18279184049756364,35,40
bfcl,labbench,0.15871416746897543,0.17408549899531106,40,40
medagentbench,mmmlu,0.15854053047192068,0.20207928811059997,40,40
compilebench,devopsgym,0.15853055483073614,0.1777653037287388,2,3
lawbench,simpleqa,0.1584828394238733,0.18317305119051552,40,40
bigcodebench,swe-lancer,0.1580142373584727,0.1883107755680539,40,12
mmmlu,swe-lancer,0.15701633713907892,0.18991242683098222,40,12
bigcodebench,bixbench,0.15699720151480662,0.19299052231001473,40,38
bixbench,omnimath,0.15673778102842878,0.19832470501155824,38,19
gaia,strongreject,0.1566381030309345,0.1690477450128545,40,9
ineqmath,swe-lancer,0.15644590259749366,0.19920313949228904,21,12
bfcl,bigcodebench,0.15636103510079025,0.17771221141332247,40,40
bigcodebench,livecodebench,0.1562738570354635,0.19503600738773044,40,40
gso,swe-lancer,0.15604620592451546,0.21585878938373396,4,12
seal0,swebench-verified,0.15600394623616565,0.17646993407620806,40,9
kumo,swebench-multilingual,0.15595759348695887,0.17508008532886593,40,40
spider2,swebench-verified,0.1558677167332352,0.16563783434179977,32,9
bigcodebench,usaco,0.1557932137279887,0.18156240908411994,40,40
kumo,reasoning-gym,0.15539212323869142,0.1896719587120085,40,40
ineqmath,usaco,0.15494938694970278,0.1648028352721753,21,40
bfcl,simpleqa,0.15490987070670015,0.17190239525783987,40,40
algotune,strongreject,0.1548127984575444,0.16449346525772612,40,9
mmmlu,omnimath,0.15470004784621594,0.18256391699554025,40,19
lawbench,strongreject,0.15447758313734072,0.15403974043337543,40,9
medagentbench,reasoning-gym,0.15402013083526125,0.17648365698866825,40,40
aime,swebench-multilingual,0.15375411495056224,0.17921785047523797,40,40
bfcl,livecodebench,0.15367667318969416,0.176463879331194,40,40
labbench,lawbench,0.15359858306364016,0.1690872887144167,40,40
algotune,usaco,0.1533021465225711,0.18056551331422444,40,40
crustbench,devopsgym,0.1531864823866084,0.1656561819655364,40,3
devopsgym,swebenchpro,0.1531634053711181,0.21074050067474054,3,5
bfcl,strongreject,0.15276249710219963,0.16880506079007015,40,9
bfcl,seal0,0.152657697564057,0.1768485725371993,40,40
aime,swtbench,0.152262732786697,0.18323991137920304,40,39
bfcl,omnimath,0.15134406360777683,0.18046052495399206,40,19
devopsgym,mmau,0.15129891228861408,0.1669051231173372,3,40
aime,strongreject,0.15102956275770252,0.15950551751494396,40,9
gso,usaco,0.15094044251115113,0.18745075735420955,4,40
ineqmath,swebench-multilingual,0.15071747154022014,0.17530035402091074,21,40
bfcl,swtbench,0.1507078974998589,0.17002862643177594,40,39
mmau,omnimath,0.15053351259252612,0.17099424539164787,40,19
swesmith,swtbench,0.15048003817527122,0.19622207136513284,8,39
ineqmath,swebench-verified,0.15038418989598468,0.17798821193052325,21,9
lawbench,swtbench,0.14978933272098915,0.17723228590856901,40,39
aime,swebenchpro,0.149756887912748,0.1898623656491959,40,5
bfcl,kumo,0.14968882919193308,0.16588916684039465,40,40
kumo,spider2,0.14942941361141449,0.16721610669865994,40,32
aime,sldbench,0.149170586957742,0.15955162164277087,40,1
replicationbench,strongreject,0.14905361607240908,0.17414629464161543,40,9
bixbench,devopsgym,0.14881361040760202,0.17241576427298594,38,3
seal0,swtbench,0.14872378353185745,0.16553802372889503,40,39
bfcl,swebench-verified,0.14869277500628833,0.16634819650477545,40,9
kumo,swtbench,0.14859297574677682,0.18860486710978513,40,39
aime,bfcl,0.1480160235158583,0.16803456537684863,40,40
crustbench,lawbench,0.14799083124930207,0.1558310524731144,40,40
devopsgym,gpqa-diamond,0.14761715869064784,0.15772838531198094,3,40
devopsgym,reasoning-gym,0.14712923870791228,0.1725895234275291,3,40
lawbench,medagentbench,0.14699979497318338,0.15987367442472786,40,40
algotune,humanevalfix,0.14695389056253388,0.16861020144697472,40,35
gaia,usaco,0.14691237796009962,0.1854715692457819,40,40
bigcodebench,compilebench,0.1467389782044963,0.1894713075026059,40,2
algotune,ineqmath,0.14668173156222652,0.1565210566180811,40,21
arc-agi-2,humanevalfix,0.1465109255859302,0.1551329189815165,40,35
devopsgym,replicationbench,0.14650227140742542,0.1800044669209688,3,40
bfcl,humanevalfix,0.1464716944601483,0.16156728563875272,40,35
bigcodebench,medagentbench,0.146298773847379,0.16664659837188228,40,40
bigcodebench,swesmith,0.14627091067595632,0.18411325760047892,40,8
gaia,ineqmath,0.1458980005785148,0.18377479073039463,40,21
lawbench,swesmith,0.14577987434693634,0.1629009749251774,40,8
bigcodebench,gso,0.14572795072793615,0.21740631297235913,40,4
bigcodebench,seal0,0.14507095853536994,0.16124214483532712,40,40
aider-polyglot,reasoning-gym,0.14495169665680285,0.17766948967804871,40,40
bigcodebench,kumo,0.14475085225850562,0.17501640357034604,40,40
bigcodebench,bigcodebench,0.14444836528063637,0.1886626654752788,40,40
bfcl,lawbench,0.1437993347947084,0.15035242589718245,40,40
ineqmath,mmau,0.1437041776148936,0.17138435926733286,21,40
omnimath,qcircuitbench,0.14343658936535741,0.18461538320941964,19,3
bigcodebench,omnimath,0.1430826522186674,0.16950535216835466,40,19
devopsgym,omnimath,0.14307952601631818,0.14582058424566427,3,19
mmau,seal0,0.14297036086133086,0.16984735394507283,40,40
ineqmath,seal0,0.14279873688142625,0.16262910550864138,21,40
aime,gso,0.1427921070581571,0.17429831873145346,40,4
labbench,medagentbench,0.14279172754989988,0.15880091891700476,40,40
reasoning-gym,seal0,0.14221077098014073,0.16646647122718497,40,40
seal0,swebench-multilingual,0.14206274949323214,0.17085992934139452,40,40
seal0,swesmith,0.1415775590649491,0.1616051614481925,40,8
humanevalfix,reasoning-gym,0.1409942247489813,0.19869723497965383,35,40
ineqmath,swesmith,0.14091131065845805,0.15968701772339458,21,8
bixbench,compilebench,0.1408217438298291,0.22419081105640443,38,2
humanevalfix,medagentbench,0.1407333195979133,0.1791565658624037,35,40
bixbench,lawbench,0.14042728510240116,0.15277243600792542,38,40
simpleqa,strongreject,0.14042553872711083,0.16934622581023706,40,9
bfcl,mmmlu,0.1403096944542664,0.16066999807139748,40,40
gso,spider2,0.140157173926856,0.1823973666534931,4,32
bixbench,ineqmath,0.14011603472353218,0.18030501814787636,38,21
devopsgym,kumo,0.1400221150403046,0.1858712829591767,3,40
aime,swebench-verified,0.13964167790698404,0.16731154122408898,40,9
sldbench,spider2,0.1395170456332191,0.13508557479804006,1,32
humanevalfix,swebench-verified,0.139479252119088,0.22057456971612394,35,9
swesmith,usaco,0.13913479962180064,0.1746873931569054,8,40
humanevalfix,qcircuitbench,0.1390147211950003,0.1634564394052438,35,3
gso,swebench-multilingual,0.13900698537871167,0.1538828980141253,4,40
bfcl,reasoning-gym,0.13870510920943896,0.1630361053462659,40,40
featurebench-modal,strongreject,0.1386586989967575,0.1486655310942815,40,9
aime,bigcodebench,0.1385566850867806,0.1659146156065421,40,40
medagentbench,usaco,0.1384297027970346,0.1578371380581885,40,40
bixbench,humanevalfix,0.13815268628294747,0.18543833441850366,38,35
aime,qcircuitbench,0.13781932532802882,0.20370592036908775,40,3
omnimath,swebench-multilingual,0.13780864391660935,0.15740588845830636,19,40
kumo,omnimath,0.1376039322284514,0.1733428109060493,40,19
humanevalfix,humanevalfix,0.13715431498470124,0.36737293690370165,35,35
bixbench,strongreject,0.13706617022349918,0.17322984724107426,38,9
gso,livecodebench,0.1367939514382752,0.19854554515793837,4,40
lawbench,mmau,0.13675580819456934,0.1674169777290729,40,40
bfcl,devopsgym,0.13645994024165858,0.16201645020815422,40,3
strongreject,swe-lancer,0.1363065777457587,0.16679804379201965,9,12
gso,seal0,0.1361530125771756,0.1477235151294579,4,40
bfcl,ineqmath,0.1360448507516877,0.1564518126462969,40,21
gpqa-diamond,lawbench,0.13596081928447423,0.15491148975928443,40,40
spider2,strongreject,0.13553297265243505,0.15788037243158495,32,9
bigcodebench,devopsgym,0.13530184578171398,0.1873489345234687,40,3
devopsgym,simpleqa,0.13504180089182155,0.1368112088448652,3,40
devopsgym,labbench,0.135011945888668,0.15200290511348663,3,40
humanevalfix,livecodebench,0.13438124240132993,0.22656889498300084,35,40
kumo,lawbench,0.13402727535617587,0.13867720092246671,40,40
humanevalfix,swesmith,0.13289973357450796,0.15484231124826003,35,8
gso,omnimath,0.13264764053446806,0.16523197731076036,4,19
strongreject,swtbench,0.1324675103166422,0.16447817102107395,9,39
swebenchpro,usaco,0.1324672619397716,0.1614844133773174,5,40
medagentbench,spider2,0.13194579431682663,0.1474511506726806,40,32
devopsgym,ineqmath,0.1308276095426253,0.16408754290265568,3,21
bfcl,compilebench,0.13072937949112873,0.15496624571913786,40,2
humanevalfix,swebenchpro,0.1300238299056163,0.1516988277879737,35,5
compilebench,spider2,0.1297172817922069,0.1405943286078774,2,32
bfcl,usaco,0.12900790341467222,0.14730389292465979,40,40
humanevalfix,swtbench,0.12890793852196658,0.16943472451844863,35,39
omnimath,swtbench,0.12856145050334483,0.15408972272537785,19,39
compilebench,swe-lancer,0.12659501091156117,0.24181331847114626,2,12
livecodebench,strongreject,0.1260756785966316,0.1681529925576009,40,9
kumo,strongreject,0.12587731731405033,0.16259307237851836,40,9
strongreject,swebench-verified,0.12573191142525736,0.15965849267625734,9,9
devopsgym,usaco,0.1252000040617053,0.14576683407351432,3,40
omnimath,strongreject,0.12504270206261647,0.1422328374637984,19,9
humanevalfix,sldbench,0.12450342672461308,0.2674920528750688,35,1
crustbench,ineqmath,0.12365528092424671,0.14475026681249567,40,21
strongreject,swesmith,0.12354360846313878,0.15166256051006166,9,8
ineqmath,kumo,0.12332026183532513,0.14070791591154183,21,40
aime,devopsgym,0.12290083197780372,0.13572323185238994,40,3
bigcodebench,strongreject,0.12257346365105432,0.15109870098401315,40,9
simpleqa,swebench-multilingual,0.12220364984289274,0.14298573307941542,40,40
lawbench,swebenchpro,0.1218219741805778,0.17882266839910504,40,5
lawbench,swebench-verified,0.1212106441251586,0.1204039240539293,40,9
devopsgym,livecodebench,0.12120003546692466,0.14998009826490033,3,40
humanevalfix,swe-lancer,0.12104393724812237,0.20743605184957797,35,12
humanevalfix,swebench-multilingual,0.12015173451602126,0.15826171180885087,35,40
algotune,swebench-multilingual,0.11962604992545843,0.1497899435190676,40,40
ineqmath,strongreject,0.11927992333688867,0.13930394839847718,21,9
devopsgym,lawbench,0.11917213274222005,0.13285080340911942,3,40
devopsgym,gso,0.11913815884315282,0.21217537155867458,3,4
humanevalfix,kumo,0.11886988016419739,0.22066460108751235,35,40
lawbench,livecodebench,0.11837592994063026,0.13293624986969196,40,40
ineqmath,livecodebench,0.11833557176766969,0.149876713112441,21,40
compilebench,humanevalfix,0.11774017422792477,0.2769284656823544,2,35
qcircuitbench,strongreject,0.11627786454720535,0.16942627679718483,3,9
strongreject,swebenchpro,0.11450414038865855,0.1234269602973336,9,5
gso,kumo,0.11412504290086115,0.18525970633884098,4,40
gso,sldbench,0.11221079108811402,0.24153640951328778,4,1
gso,strongreject,0.11207262114863725,0.167788510743908,4,9
swebench-multilingual,swebenchpro,0.11192390361528648,0.15303321869494926,40,5
omnimath,swebench-verified,0.11036470809555271,0.13064897962546368,19,9
devopsgym,devopsgym,0.10943824428107093,0.16699551050777325,3,3
devopsgym,strongreject,0.10939197645139925,0.15522062457814312,3,9
compilebench,ineqmath,0.10864757476171427,0.1148692320889926,2,21
compilebench,omnimath,0.10854539704271765,0.14510145505533828,2,19
devopsgym,qcircuitbench,0.10813303436818336,0.1664972898218153,3,3
bigcodebench,humanevalfix,0.10794412907261199,0.1609728685463685,40,35
featurebench-modal,swesmith,0.1078145515098318,0.14741946083656504,40,8
compilebench,strongreject,0.1070819349599635,0.1156205805497306,2,9
devopsgym,spider2,0.10656509397192904,0.125849578724038,3,32
medagentbench,swebench-multilingual,0.10618525564324512,0.1213620537623371,40,40
aider-polyglot,ineqmath,0.1052007848715994,0.1216005682247351,40,21
compilebench,lawbench,0.10264997623901148,0.10229748942454334,2,40
arc-agi-2,devopsgym,0.1020016371046347,0.16003266569833405,40,3
omnimath,sldbench,0.09814001879705422,0.12390007020660108,19,1
devopsgym,humanevalfix,0.09804293547527261,0.1454653018635865,3,35
ineqmath,sldbench,0.09717443699131088,0.11177279058465152,21,1
arc-agi-2,lawbench,0.09550024084606648,0.11483060831415635,40,40
lawbench,replicationbench,0.09351091937481079,0.10928543359180334,40,40
lawbench,qcircuitbench,0.09191541332312524,0.1892732333256262,40,3
sldbench,strongreject,0.09002344499077412,0.0905777607484744,1,9
aider-polyglot,lawbench,0.08991928858240772,0.10245615576354762,40,40
gaia,lawbench,0.0888213561991383,0.1178046201701871,40,40
humanevalfix,strongreject,0.08865210032864622,0.11215437728545857,35,9
compilebench,gso,0.08809831034863178,0.1744978186415579,2,4
gso,humanevalfix,0.05783863800396054,0.08776660718864289,4,35
sldbench,sldbench,,,1,1
