task_column,benchmark,task_id,observed_count,missing_count,missing_fraction,observed_mean,observed_std,observed_min,observed_max,imputed_mean,imputed_normalized_mean,imputed_normalized_std,strength_correlation,difficulty_tier,negative_count,gt_one_count,is_bounded_score_task,is_reliable_observed_task,is_discriminative_task,is_mix_candidate_pool
algotune/algotune-lp-centering,algotune,algotune-lp-centering,26,0,0.0,0.0254505346284778,0.0514874281322377,0.0,0.1994184322045386,0.0254505346284778,0.8744107518565631,1.7886368672555109,0.4683467769392175,frontier,0,0,True,True,True,True
aider-polyglot/polyglot_go_trinary,aider-polyglot,polyglot_go_trinary,26,0,0.0,0.0384615384615384,0.1360908154842625,0.0,0.6,0.0384615384615384,0.2826167094721107,0.9999999999999996,0.4652369525197931,frontier,0,0,True,True,True,True
aider-polyglot/polyglot_rust_react,aider-polyglot,polyglot_rust_react,26,0,0.0,0.0461538461538461,0.1393136175098064,0.0,0.6,0.0461538461538461,0.3312945782245396,1.0,0.4550262191543768,frontier,0,0,True,True,True,True
aider-polyglot/polyglot_go_beer-song,aider-polyglot,polyglot_go_beer-song,26,0,0.0,0.025,0.0696833497384363,0.0,0.25,0.025,0.3587657610295731,1.0,0.4522696151412628,frontier,0,0,True,True,True,True
seal0/seal0-69,seal0,seal0-69,26,0,0.0,0.0384615384615384,0.1570813681281702,0.0,0.8,0.0384615384615384,0.2448510534371959,1.0,0.4506667267274762,frontier,0,0,True,True,True,True
algotune/algotune-unit-simplex-projection,algotune,algotune-unit-simplex-projection,26,0,0.0,0.0320601451721177,0.0878984680227188,0.0,0.4338998827949271,0.0320601451721177,1.7281840215067703,4.738117283507988,0.4399422732843538,frontier,0,0,True,True,True,True
featurebench-modal/featurebench-modal-python__mypy.8e2ce962.testconstraints.db380fe7.lv1,featurebench-modal,featurebench-modal-python__mypy.8e2ce962.testconstraints.db380fe7.lv1,26,0,0.0,0.0346153846153846,0.1072104604982027,0.0,0.5,0.0346153846153846,0.3228732015003788,1.0,0.3937967491521548,frontier,0,0,True,True,True,True
seal0/seal0-43,seal0,seal0-43,26,0,0.0,0.0076923076923076,0.0384615384615384,0.0,0.2,0.0076923076923076,0.2,1.0,0.3827670585013349,frontier,0,0,True,True,True,True
featurebench-modal/featurebench-modal-huggingface__transformers.e2e8dbed.test_processing_owlvit.56ec5dc9.lv1,featurebench-modal,featurebench-modal-huggingface__transformers.e2e8dbed.test_processing_owlvit.56ec5dc9.lv1,26,0,0.0,0.0096153846153846,0.048076923076923,0.0,0.25,0.0096153846153846,0.2,1.0,0.3827670585013348,frontier,0,0,True,True,True,True
featurebench-modal/featurebench-modal-huggingface__transformers.e2e8dbed.test_modeling_lightglue.3d3d57cb.lv1,featurebench-modal,featurebench-modal-huggingface__transformers.e2e8dbed.test_modeling_lightglue.3d3d57cb.lv1,26,0,0.0,0.0435897307692307,0.1077227939144506,0.0,0.4,0.0435897307692307,0.4046472356059393,0.9999999999999998,0.3677150227768445,frontier,0,0,True,True,True,True
algotune/algotune-odr,algotune,algotune-odr,26,0,0.0,0.0022727321737789,0.004830187861898,0.0,0.0254142907493296,0.0022727321737789,0.4542947982100156,2.1830205090473687,0.3671920731456632,frontier,0,0,True,True,False,True
bigcodebench/bigcodebench_100,bigcodebench,bigcodebench_100,26,0,0.0,0.0442307692307692,0.1508481936079876,0.0,0.75,0.0442307692307692,0.2932137811720349,0.9999999999999996,0.3375435722319833,frontier,0,0,True,True,True,True
featurebench-modal/featurebench-modal-mwaskom__seaborn.7001ebe7.test_relational.f23eb542.lv1,featurebench-modal,featurebench-modal-mwaskom__seaborn.7001ebe7.test_relational.f23eb542.lv1,26,0,0.0,0.0423076923076923,0.1245702672361665,0.0,0.5,0.0423076923076923,0.3396291366019411,1.0,0.3361804256097224,frontier,0,0,True,True,True,True
seal0/seal0-28,seal0,seal0-28,26,0,0.0,0.0076923076923076,0.0384615384615384,0.0,0.2,0.0076923076923076,0.2,1.0,0.3095067621037617,frontier,0,0,True,True,True,True
featurebench-modal/featurebench-modal-huggingface__transformers.e2e8dbed.test_modeling_pixtral.a620bb0b.lv2,featurebench-modal,featurebench-modal-huggingface__transformers.e2e8dbed.test_modeling_pixtral.a620bb0b.lv2,26,0,0.0,0.0384615384615384,0.1332346775052982,0.0,0.5,0.0384615384615384,0.2886751345948128,1.0,0.2645335681112968,frontier,0,0,True,True,True,True
algotune/algotune-affine-transform-2d,algotune,algotune-affine-transform-2d,26,0,0.0,0.0028702738879872,0.0104842412206767,0.0,0.0502899185949051,0.0028702738879872,0.2737703022634167,1.0,0.2527274717905657,frontier,0,0,True,True,False,True
seal0/seal0-55,seal0,seal0-55,26,0,0.0,0.0307692307692307,0.072160242458822,0.0,0.2,0.0307692307692307,0.4264014327112209,1.0,0.2189302684433195,frontier,0,0,True,True,True,True
featurebench-modal/featurebench-modal-huggingface__transformers.e2e8dbed.test_modeling_vitpose.30ffd86e.lv1,featurebench-modal,featurebench-modal-huggingface__transformers.e2e8dbed.test_modeling_vitpose.30ffd86e.lv1,26,0,0.0,0.0423076923076923,0.1245702672361665,0.0,0.5,0.0423076923076923,0.3396291366019411,1.0,0.2062939385435713,frontier,0,0,True,True,True,True
featurebench-modal/featurebench-modal-huggingface__transformers.e2e8dbed.test_modeling_vitmatte.2d342386.lv1,featurebench-modal,featurebench-modal-huggingface__transformers.e2e8dbed.test_modeling_vitmatte.2d342386.lv1,26,0,0.0,0.0397435769230769,0.1176766330828071,0.0,0.5,0.0397435769230769,0.3377355034887003,1.0,0.1995425653627139,frontier,0,0,True,True,True,True
aider-polyglot/polyglot_python_tree-building,aider-polyglot,polyglot_python_tree-building,26,0,0.0,0.0384615384615384,0.0963843391241666,0.0,0.4,0.0384615384615384,0.3990434422338109,0.9999999999999998,0.190746369058569,frontier,0,0,True,True,True,True
featurebench-modal/featurebench-modal-huggingface__transformers.e2e8dbed.test_modeling_informer.de781186.lv1,featurebench-modal,featurebench-modal-huggingface__transformers.e2e8dbed.test_modeling_informer.de781186.lv1,26,0,0.0,0.0461538461538461,0.1365249180715295,0.0,0.5,0.0461538461538461,0.3380617018914067,1.0000000000000002,0.1797623874334626,frontier,0,0,True,True,True,True
featurebench-modal/featurebench-modal-huggingface__transformers.e2e8dbed.test_modeling_swin2sr.f5cba486.lv1,featurebench-modal,featurebench-modal-huggingface__transformers.e2e8dbed.test_modeling_swin2sr.f5cba486.lv1,26,0,0.0,0.0269230769230769,0.1021224465180904,0.0,0.5,0.0269230769230769,0.2636352520041483,1.0000000000000002,0.1787371538289036,frontier,0,0,True,True,True,True
featurebench-modal/featurebench-modal-pandas-dev__pandas.82fa2715.test_formats.05080a4e.lv1,featurebench-modal,featurebench-modal-pandas-dev__pandas.82fa2715.test_formats.05080a4e.lv1,26,0,0.0,0.048076923076923,0.1963517101602128,0.0,1.0,0.048076923076923,0.244851053437196,1.0000000000000002,0.1596451941226349,frontier,0,0,True,True,True,True
seal0/seal0-107,seal0,seal0-107,26,0,0.0,0.0307692307692307,0.0910166120476864,0.0,0.4,0.0307692307692307,0.3380617018914066,1.0,0.1547039440841529,frontier,0,0,True,True,True,True
featurebench-modal/featurebench-modal-huggingface__transformers.e2e8dbed.test_modeling_prompt_depth_anything.2d54afdc.lv1,featurebench-modal,featurebench-modal-huggingface__transformers.e2e8dbed.test_modeling_prompt_depth_anything.2d54afdc.lv1,26,0,0.0,0.0461538461538461,0.194601702164208,0.0,1.0,0.0461538461538461,0.2371708245126284,0.9999999999999996,0.1365107420114387,frontier,0,0,True,True,True,True
algotune/algotune-sha256-hashing,algotune,algotune-sha256-hashing,26,0,0.0,0.0350526151781129,0.1723308024106614,0.0,0.8967050790382757,0.0350526151781129,94.6727382545326,472.9941920249442,0.1264123231615109,frontier,0,0,True,True,True,True
featurebench-modal/featurebench-modal-huggingface__transformers.e2e8dbed.test_modeling_zoedepth.e19636d3.lv1,featurebench-modal,featurebench-modal-huggingface__transformers.e2e8dbed.test_modeling_zoedepth.e19636d3.lv1,26,0,0.0,0.0384615384615384,0.1332346775052982,0.0,0.5,0.0384615384615384,0.2886751345948128,1.0,0.1123395371203079,frontier,0,0,True,True,True,True
featurebench-modal/featurebench-modal-huggingface__transformers.e2e8dbed.test_modeling_speech_encoder_decoder.b0d78d76.lv1,featurebench-modal,featurebench-modal-huggingface__transformers.e2e8dbed.test_modeling_speech_encoder_decoder.b0d78d76.lv1,26,0,0.0,0.0192307692307692,0.0961538461538461,0.0,0.5,0.0192307692307692,0.2,1.0,0.0883516376170879,frontier,0,0,True,True,True,True
featurebench-modal/featurebench-modal-huggingface__transformers.e2e8dbed.test_modeling_time_series_transformer.b0ef2ff5.lv1,featurebench-modal,featurebench-modal-huggingface__transformers.e2e8dbed.test_modeling_time_series_transformer.b0ef2ff5.lv1,26,0,0.0,0.0192307692307692,0.0961538461538461,0.0,0.5,0.0192307692307692,0.2,1.0,0.0883516376170879,frontier,0,0,True,True,True,True
seal0/seal0-109,seal0,seal0-109,26,0,0.0,0.0288461538461538,0.1057692307692307,0.0,0.5,0.0288461538461538,0.2727272727272728,1.0000000000000002,0.0833670628144549,frontier,0,0,True,True,True,True
aider-polyglot/polyglot_java_bowling,aider-polyglot,polyglot_java_bowling,26,0,0.0,0.0384615384615384,0.1570813681281702,0.0,0.8,0.0384615384615384,0.2448510534371959,1.0,0.0744006505274974,frontier,0,0,True,True,True,True
algotune/algotune-convolve-1d,algotune,algotune-convolve-1d,26,0,0.0,0.0006554184365009,0.0014036568944408,0.0,0.0044945012246131,0.0006554184365009,0.4669363568096632,1.0,0.0739838529169616,frontier,0,0,True,True,False,True
featurebench-modal/featurebench-modal-huggingface__transformers.e2e8dbed.test_modeling_colpali.370cfbdd.lv1,featurebench-modal,featurebench-modal-huggingface__transformers.e2e8dbed.test_modeling_colpali.370cfbdd.lv1,26,0,0.0,0.0192307692307692,0.0961538461538461,0.0,0.5,0.0192307692307692,0.2,1.0,0.0733411885461902,frontier,0,0,True,True,True,True
featurebench-modal/featurebench-modal-sphinx-doc__sphinx.e347e59c.test_build_linkcheck.20428c8f.lv1,featurebench-modal,featurebench-modal-sphinx-doc__sphinx.e347e59c.test_build_linkcheck.20428c8f.lv1,26,0,0.0,0.0461538461538461,0.1176068065493896,0.0,0.5,0.0461538461538461,0.3924419641006372,1.0,0.0673788307403404,frontier,0,0,True,True,True,True
featurebench-modal/featurebench-modal-huggingface__transformers.e2e8dbed.test_modeling_mimi.3118abde.lv1,featurebench-modal,featurebench-modal-huggingface__transformers.e2e8dbed.test_modeling_mimi.3118abde.lv1,26,0,0.0,0.0192307692307692,0.0961538461538461,0.0,0.5,0.0192307692307692,0.2,1.0,0.0673105911758266,frontier,0,0,True,True,True,True
bfcl/bfcl-parallel-19,bfcl,bfcl-parallel-19,26,0,0.0,0.0307692307692307,0.1201576873216408,0.0,0.6,0.0307692307692307,0.2560737598657919,0.9999999999999996,-0.0121706821303084,frontier,0,0,True,True,True,True
seal0/seal0-63,seal0,seal0-63,26,0,0.0,0.0076923076923076,0.0384615384615384,0.0,0.2,0.0076923076923076,0.2,1.0,-0.0265144745934946,frontier,0,0,True,True,True,True
aider-polyglot/polyglot_java_satellite,aider-polyglot,polyglot_java_satellite,26,0,0.0,0.0153846153846153,0.0769230769230769,0.0,0.4,0.0153846153846153,0.2,1.0,-0.0495456951317373,frontier,0,0,True,True,True,True
aider-polyglot/polyglot_java_phone-number,aider-polyglot,polyglot_java_phone-number,26,0,0.0,0.0076923076923076,0.0384615384615384,0.0,0.2,0.0076923076923076,0.2,1.0,-0.0501916764267549,frontier,0,0,True,True,True,True
aider-polyglot/polyglot_java_state-of-tic-tac-toe,aider-polyglot,polyglot_java_state-of-tic-tac-toe,26,0,0.0,0.0076923076923076,0.0384615384615384,0.0,0.2,0.0076923076923076,0.2,1.0,-0.0501916764267549,frontier,0,0,True,True,True,True
seal0/seal0-29,seal0,seal0-29,26,0,0.0,0.0326923076923076,0.0950124563618125,0.0,0.4,0.0326923076923076,0.3440844384426146,1.0,-0.0530119026656328,frontier,0,0,True,True,True,True
seal0/seal0-25,seal0,seal0-25,26,0,0.0,0.025,0.0890656628993031,0.0,0.4,0.025,0.2806917861068949,1.0,-0.0784276640523472,frontier,0,0,True,True,True,True
seal0/seal0-21,seal0,seal0-21,26,0,0.0,0.0435897307692307,0.1332593204341871,0.0,0.6,0.0435897307692307,0.3271045554427726,1.0,-0.0805262398933142,frontier,0,0,True,True,True,True
seal0/seal0-85,seal0,seal0-85,26,0,0.0,0.0326923076923076,0.0950124563618125,0.0,0.4,0.0326923076923076,0.3440844384426147,1.0,-0.2025544409433979,frontier,0,0,True,True,True,True
featurebench-modal/featurebench-modal-astropy__astropy.b0db0daa.test_basic_rgb.067e927c.lv2,featurebench-modal,featurebench-modal-astropy__astropy.b0db0daa.test_basic_rgb.067e927c.lv2,26,0,0.0,0.0076923076923076,0.0384615384615384,0.0,0.2,0.0076923076923076,0.2,1.0,-0.2042322315596913,frontier,0,0,True,True,True,True
seal0/seal0-26,seal0,seal0-26,26,0,0.0,0.0173076923076923,0.0603552108710585,0.0,0.25,0.0173076923076923,0.2867638445447248,1.0,-0.2275359414750666,frontier,0,0,True,True,True,True
algotune/algotune-ode-fitzhughnagumo,algotune,algotune-ode-fitzhughnagumo,26,0,0.0,0.0,0.0,0.0,0.0,0.0,0.0,0.0,,frontier,0,0,True,True,False,True
bfcl/bfcl-live-irrelevance-127-11-2,bfcl,bfcl-live-irrelevance-127-11-2,26,0,0.0,0.0,0.0,0.0,0.0,0.0,0.0,0.0,,frontier,0,0,True,True,False,True
bfcl/bfcl-live-irrelevance-488-141-1,bfcl,bfcl-live-irrelevance-488-141-1,26,0,0.0,0.0,0.0,0.0,0.0,0.0,0.0,0.0,,frontier,0,0,True,True,False,True
bfcl/bfcl-live-multiple-678-163-3,bfcl,bfcl-live-multiple-678-163-3,26,0,0.0,0.0,0.0,0.0,0.0,0.0,0.0,0.0,,frontier,0,0,True,True,False,True
bfcl/bfcl-live-simple-41-17-1,bfcl,bfcl-live-simple-41-17-1,26,0,0.0,0.0,0.0,0.0,0.0,0.0,0.0,0.0,,frontier,0,0,True,True,False,True
bfcl/bfcl-simple-java-70,bfcl,bfcl-simple-java-70,26,0,0.0,0.0,0.0,0.0,0.0,0.0,0.0,0.0,,frontier,0,0,True,True,False,True
bfcl/bfcl-simple-python-14,bfcl,bfcl-simple-python-14,26,0,0.0,0.0,0.0,0.0,0.0,0.0,0.0,0.0,,frontier,0,0,True,True,False,True
featurebench-modal/featurebench-modal-astropy__astropy.b0db0daa.test_tree.261bac3c.lv2,featurebench-modal,featurebench-modal-astropy__astropy.b0db0daa.test_tree.261bac3c.lv2,26,0,0.0,0.0,0.0,0.0,0.0,0.0,0.0,0.0,,frontier,0,0,True,True,False,True
featurebench-modal/featurebench-modal-fastapi__fastapi.02e108d1.test_compat.71e8518f.lv2,featurebench-modal,featurebench-modal-fastapi__fastapi.02e108d1.test_compat.71e8518f.lv2,26,0,0.0,0.0,0.0,0.0,0.0,0.0,0.0,0.0,,frontier,0,0,True,True,False,True
featurebench-modal/featurebench-modal-lightning-ai__pytorch-lightning.126fa6f1.test_model_parallel.7dec8f24.lv1,featurebench-modal,featurebench-modal-lightning-ai__pytorch-lightning.126fa6f1.test_model_parallel.7dec8f24.lv1,26,0,0.0,0.0,0.0,0.0,0.0,0.0,0.0,0.0,,frontier,0,0,True,True,False,True
featurebench-modal/featurebench-modal-lightning-ai__pytorch-lightning.126fa6f1.test_seed.1eaa1d46.lv2,featurebench-modal,featurebench-modal-lightning-ai__pytorch-lightning.126fa6f1.test_seed.1eaa1d46.lv2,26,0,0.0,0.0,0.0,0.0,0.0,0.0,0.0,0.0,,frontier,0,0,True,True,False,True
featurebench-modal/featurebench-modal-linkedin__liger-kernel.c856fbab.test_fused_neighborhood_attention.78217be4.lv2,featurebench-modal,featurebench-modal-linkedin__liger-kernel.c856fbab.test_fused_neighborhood_attention.78217be4.lv2,26,0,0.0,0.0,0.0,0.0,0.0,0.0,0.0,0.0,,frontier,0,0,True,True,False,True
featurebench-modal/featurebench-modal-mlflow__mlflow.93dab383.test_config.c63d41b0.lv2,featurebench-modal,featurebench-modal-mlflow__mlflow.93dab383.test_config.c63d41b0.lv2,26,0,0.0,0.0,0.0,0.0,0.0,0.0,0.0,0.0,,frontier,0,0,True,True,False,True
featurebench-modal/featurebench-modal-mlflow__mlflow.93dab383.test_trace_manager.bb95fbcd.lv2,featurebench-modal,featurebench-modal-mlflow__mlflow.93dab383.test_trace_manager.bb95fbcd.lv2,26,0,0.0,0.0,0.0,0.0,0.0,0.0,0.0,0.0,,frontier,0,0,True,True,False,True
featurebench-modal/featurebench-modal-mwaskom__seaborn.7001ebe7.test_regression.ce8c62e2.lv2,featurebench-modal,featurebench-modal-mwaskom__seaborn.7001ebe7.test_regression.ce8c62e2.lv2,26,0,0.0,0.0,0.0,0.0,0.0,0.0,0.0,0.0,,frontier,0,0,True,True,False,True
featurebench-modal/featurebench-modal-pydata__xarray.97f3a746.test_treenode.aa8ba777.lv2,featurebench-modal,featurebench-modal-pydata__xarray.97f3a746.test_treenode.aa8ba777.lv2,26,0,0.0,0.0,0.0,0.0,0.0,0.0,0.0,0.0,,frontier,0,0,True,True,False,True
featurebench-modal/featurebench-modal-python__mypy.8e2ce962.testconstraints.db380fe7.lv2,featurebench-modal,featurebench-modal-python__mypy.8e2ce962.testconstraints.db380fe7.lv2,26,0,0.0,0.0,0.0,0.0,0.0,0.0,0.0,0.0,,frontier,0,0,True,True,False,True
featurebench-modal/featurebench-modal-scikit-learn__scikit-learn.5741bac9.test_predict_error_display.11cc0c3a.lv1,featurebench-modal,featurebench-modal-scikit-learn__scikit-learn.5741bac9.test_predict_error_display.11cc0c3a.lv1,26,0,0.0,0.0,0.0,0.0,0.0,0.0,0.0,0.0,,frontier,0,0,True,True,False,True
aider-polyglot/polyglot_go_poker,aider-polyglot,polyglot_go_poker,26,0,0.0,0.0,0.0,0.0,0.0,0.0,0.0,0.0,,frontier,0,0,True,True,False,True
aider-polyglot/polyglot_java_forth,aider-polyglot,polyglot_java_forth,26,0,0.0,0.0,0.0,0.0,0.0,0.0,0.0,0.0,,frontier,0,0,True,True,False,True
aider-polyglot/polyglot_java_hangman,aider-polyglot,polyglot_java_hangman,26,0,0.0,0.0,0.0,0.0,0.0,0.0,0.0,0.0,,frontier,0,0,True,True,False,True
aider-polyglot/polyglot_java_rational-numbers,aider-polyglot,polyglot_java_rational-numbers,26,0,0.0,0.0,0.0,0.0,0.0,0.0,0.0,0.0,,frontier,0,0,True,True,False,True
aider-polyglot/polyglot_java_rest-api,aider-polyglot,polyglot_java_rest-api,26,0,0.0,0.0,0.0,0.0,0.0,0.0,0.0,0.0,,frontier,0,0,True,True,False,True
aider-polyglot/polyglot_java_series,aider-polyglot,polyglot_java_series,26,0,0.0,0.0,0.0,0.0,0.0,0.0,0.0,0.0,,frontier,0,0,True,True,False,True
aider-polyglot/polyglot_java_sgf-parsing,aider-polyglot,polyglot_java_sgf-parsing,26,0,0.0,0.0,0.0,0.0,0.0,0.0,0.0,0.0,,frontier,0,0,True,True,False,True
aider-polyglot/polyglot_java_zipper,aider-polyglot,polyglot_java_zipper,26,0,0.0,0.0,0.0,0.0,0.0,0.0,0.0,0.0,,frontier,0,0,True,True,False,True
seal0/seal0-20,seal0,seal0-20,26,0,0.0,0.0,0.0,0.0,0.0,0.0,0.0,0.0,,frontier,0,0,True,True,False,True
seal0/seal0-35,seal0,seal0-35,26,0,0.0,0.0,0.0,0.0,0.0,0.0,0.0,0.0,,frontier,0,0,True,True,False,True
seal0/seal0-36,seal0,seal0-36,26,0,0.0,0.0,0.0,0.0,0.0,0.0,0.0,0.0,,frontier,0,0,True,True,False,True
seal0/seal0-44,seal0,seal0-44,26,0,0.0,0.0,0.0,0.0,0.0,0.0,0.0,0.0,,frontier,0,0,True,True,False,True
seal0/seal0-68,seal0,seal0-68,26,0,0.0,0.0,0.0,0.0,0.0,0.0,0.0,0.0,,frontier,0,0,True,True,False,True
seal0/seal0-7,seal0,seal0-7,26,0,0.0,0.0,0.0,0.0,0.0,0.0,0.0,0.0,,frontier,0,0,True,True,False,True
seal0/seal0-79,seal0,seal0-79,26,0,0.0,0.0,0.0,0.0,0.0,0.0,0.0,0.0,,frontier,0,0,True,True,False,True
seal0/seal0-80,seal0,seal0-80,26,0,0.0,0.0,0.0,0.0,0.0,0.0,0.0,0.0,,frontier,0,0,True,True,False,True
seal0/seal0-82,seal0,seal0-82,26,0,0.0,0.0,0.0,0.0,0.0,0.0,0.0,0.0,,frontier,0,0,True,True,False,True
seal0/seal0-95,seal0,seal0-95,26,0,0.0,0.0,0.0,0.0,0.0,0.0,0.0,0.0,,frontier,0,0,True,True,False,True
featurebench-modal/featurebench-modal-mlflow__mlflow.93dab383.test_client_webhooks.75e39b52.lv1,featurebench-modal,featurebench-modal-mlflow__mlflow.93dab383.test_client_webhooks.75e39b52.lv1,25,1,0.0384615384615384,0.03133332,0.0869635476124197,0.0,0.333333,0.0301985570163119,0.3472553483087109,0.982748792359764,0.5519471458685046,frontier,0,0,True,True,True,True
algotune/algotune-aes-gcm-encryption,algotune,algotune-aes-gcm-encryption,25,1,0.0384615384615384,0.0207149769929924,0.070614198889653,0.0,0.2843333142035982,0.0199339892095004,0.2822943476375166,0.9821387429358328,0.4630318397364313,frontier,0,0,True,True,True,True
featurebench-modal/featurebench-modal-mlflow__mlflow.93dab383.test_databricks_rest_store.50525c62.lv1,featurebench-modal,featurebench-modal-mlflow__mlflow.93dab383.test_databricks_rest_store.50525c62.lv1,25,1,0.0384615384615384,0.01333332,0.0653196611544916,0.0,0.333333,0.0128226824665163,0.1963066286609882,0.9813594146243698,0.3827757341945872,frontier,0,0,True,True,True,True
featurebench-modal/featurebench-modal-mlflow__mlflow.93dab383.test_log_image.439a816d.lv1,featurebench-modal,featurebench-modal-mlflow__mlflow.93dab383.test_log_image.439a816d.lv1,25,1,0.0384615384615384,0.01,0.0489897948556635,0.0,0.25,0.0096170214669087,0.1963066286609882,0.9813594146243696,0.3827757341945872,frontier,0,0,True,True,True,True
featurebench-modal/featurebench-modal-mwaskom__seaborn.7001ebe7.test_algorithms.1f0181c2.lv2,featurebench-modal,featurebench-modal-mwaskom__seaborn.7001ebe7.test_algorithms.1f0181c2.lv2,25,1,0.0384615384615384,0.01,0.0489897948556635,0.0,0.25,0.0096170214669087,0.1963066286609882,0.9813594146243696,0.3827757341945872,frontier,0,0,True,True,True,True
featurebench-modal/featurebench-modal-huggingface__transformers.e2e8dbed.test_tokenization_prophetnet.ca02e775.lv1,featurebench-modal,featurebench-modal-huggingface__transformers.e2e8dbed.test_tokenization_prophetnet.ca02e775.lv1,25,1,0.0384615384615384,0.032,0.0926066952223218,0.0,0.4,0.0309254479155455,0.3339439750150088,0.982295490701662,0.3790308256229355,frontier,0,0,True,True,True,True
algotune/algotune-chacha-encryption,algotune,algotune-chacha-encryption,25,1,0.0384615384615384,0.0147044712738229,0.0418506158798126,0.0,0.1736212210372118,0.0141447348076419,0.3379815209473395,0.9828583209936272,0.3478636593257369,frontier,0,0,True,True,True,True
algotune/algotune-fft-convolution,algotune,algotune-fft-convolution,25,1,0.0384615384615384,0.0064075741949473,0.0283564331883399,0.0,0.1450495164481579,0.0061620058766255,0.2173053936543503,0.9815362326862492,0.3210744738348761,frontier,0,0,True,True,False,True
featurebench-modal/featurebench-modal-huggingface__trl.02a34777.test_data_utils.827a9d15.lv2,featurebench-modal,featurebench-modal-huggingface__trl.02a34777.test_data_utils.827a9d15.lv2,25,1,0.0384615384615384,0.01,0.0489897948556635,0.0,0.25,0.0096153846153846,0.1962692250250163,0.981366881357266,0.2992398215498459,frontier,0,0,True,True,True,True
featurebench-modal/featurebench-modal-mlflow__mlflow.93dab383.test_judge_tool_search_traces.cad8fc4b.lv1,featurebench-modal,featurebench-modal-mlflow__mlflow.93dab383.test_judge_tool_search_traces.cad8fc4b.lv1,25,1,0.0384615384615384,0.016,0.0542586398650021,0.0,0.2,0.0154556303570992,0.2848510466822157,0.981862985021835,0.2705399095170767,frontier,0,0,True,True,True,True
featurebench-modal/featurebench-modal-mlflow__mlflow.93dab383.test_unity_catalog_models_artifact_repo.ad6e49d9.lv1,featurebench-modal,featurebench-modal-mlflow__mlflow.93dab383.test_unity_catalog_models_artifact_repo.ad6e49d9.lv1,25,1,0.0384615384615384,0.03,0.10770329614269,0.0,0.5,0.0288582223930246,0.267941868323064,0.9820122530856854,0.254332929359389,frontier,0,0,True,True,True,True
featurebench-modal/featurebench-modal-mesonbuild__meson.f5d81d07.cargotests.8e49c2d0.lv1,featurebench-modal,featurebench-modal-mesonbuild__meson.f5d81d07.cargotests.8e49c2d0.lv1,25,1,0.0384615384615384,0.008,0.0391918358845308,0.0,0.2,0.0077651176365553,0.1981310000234063,0.9810384326190912,0.2493586289426909,frontier,0,0,True,True,True,True
featurebench-modal/featurebench-modal-mlflow__mlflow.93dab383.test_unity_catalog_rest_store.f47a7d9f.lv1,featurebench-modal,featurebench-modal-mlflow__mlflow.93dab383.test_unity_catalog_rest_store.f47a7d9f.lv1,25,1,0.0384615384615384,0.048,0.1982321870938218,0.0,1.0,0.0461554662492766,0.2328353781791833,0.981683756538243,0.185162591265856,frontier,0,0,True,True,True,True
algotune/algotune-base64-encoding,algotune,algotune-base64-encoding,25,1,0.0384615384615384,0.0478911933852428,0.1485058181374186,0.0,0.5840277590767514,0.0460494349177256,0.3100850558939998,0.9825393920884652,0.1366158962785185,frontier,0,0,True,True,True,True
featurebench-modal/featurebench-modal-mlflow__mlflow.93dab383.test_ai_command_utils.85dcb487.lv2,featurebench-modal,featurebench-modal-mlflow__mlflow.93dab383.test_ai_command_utils.85dcb487.lv2,25,1,0.0384615384615384,0.02,0.0979795897113271,0.0,0.5,0.0192412009261158,0.1963796846139626,0.9813449333924557,0.0883728995538781,frontier,0,0,True,True,True,True
featurebench-modal/featurebench-modal-mlflow__mlflow.93dab383.test_client_webhooks.75e39b52.lv2,featurebench-modal,featurebench-modal-mlflow__mlflow.93dab383.test_client_webhooks.75e39b52.lv2,25,1,0.0384615384615384,0.02,0.0979795897113271,0.0,0.5,0.0192412009261158,0.1963796846139626,0.9813449333924557,0.0883728995538781,frontier,0,0,True,True,True,True
featurebench-modal/featurebench-modal-mwaskom__seaborn.7001ebe7.test_plot.b645d353.lv2,featurebench-modal,featurebench-modal-mwaskom__seaborn.7001ebe7.test_plot.b645d353.lv2,25,1,0.0384615384615384,0.02,0.0979795897113271,0.0,0.5,0.0192412009261158,0.1963796846139626,0.9813449333924557,0.0883728995538781,frontier,0,0,True,True,True,True
featurebench-modal/featurebench-modal-mlflow__mlflow.93dab383.test_git_versioning.b91d0418.lv1,featurebench-modal,featurebench-modal-mlflow__mlflow.93dab383.test_git_versioning.b91d0418.lv1,25,1,0.0384615384615384,0.0279999999999999,0.104,0.0,0.5,0.0269231010443748,0.2588759715805271,0.981946539989779,0.0691433212999509,frontier,0,0,True,True,True,True
featurebench-modal/featurebench-modal-mlflow__mlflow.93dab383.test_scorers.63dc8c7a.lv1,featurebench-modal,featurebench-modal-mlflow__mlflow.93dab383.test_scorers.63dc8c7a.lv1,25,1,0.0384615384615384,0.04,0.1959591794226542,0.0,1.0,0.0384615772963425,0.1962734147471948,0.981366043210718,0.0673106299259404,frontier,0,0,True,True,True,True
algotune/algotune-earth-movers-distance,algotune,algotune-earth-movers-distance,25,1,0.0384615384615384,0.0001639855713255,0.0008033619498525,0.0,0.0040996392831375,0.0001578989471929,0.1965477045831133,0.9813121434391242,-0.2041920945680882,frontier,0,0,True,True,False,True
bigcodebench/bigcodebench_1012,bigcodebench,bigcodebench_1012,25,1,0.0384615384615384,0.0,0.0,0.0,0.0,0.0,0.0,0.0,,frontier,0,0,True,True,False,True
bigcodebench/bigcodebench_1042,bigcodebench,bigcodebench_1042,25,1,0.0384615384615384,0.0,0.0,0.0,0.0,0.0,0.0,0.0,,frontier,0,0,True,True,False,True
featurebench-modal/featurebench-modal-matplotlib__matplotlib.86a476d2.test_angle_helper.48e96b5a.lv2,featurebench-modal,featurebench-modal-matplotlib__matplotlib.86a476d2.test_angle_helper.48e96b5a.lv2,25,1,0.0384615384615384,0.0,0.0,0.0,0.0,0.0,0.0,0.0,,frontier,0,0,True,True,False,True
featurebench-modal/featurebench-modal-mesonbuild__meson.f5d81d07.cargotests.8e49c2d0.lv2,featurebench-modal,featurebench-modal-mesonbuild__meson.f5d81d07.cargotests.8e49c2d0.lv2,25,1,0.0384615384615384,0.0,0.0,0.0,0.0,0.0,0.0,0.0,,frontier,0,0,True,True,False,True
featurebench-modal/featurebench-modal-mlflow__mlflow.93dab383.test_evaluation_dataset.4a6528c2.lv1,featurebench-modal,featurebench-modal-mlflow__mlflow.93dab383.test_evaluation_dataset.4a6528c2.lv1,25,1,0.0384615384615384,0.0,0.0,0.0,0.0,0.0,0.0,0.0,,frontier,0,0,True,True,False,True
featurebench-modal/featurebench-modal-mlflow__mlflow.93dab383.test_numpy_dataset.1beaad57.lv2,featurebench-modal,featurebench-modal-mlflow__mlflow.93dab383.test_numpy_dataset.1beaad57.lv2,25,1,0.0384615384615384,0.0,0.0,0.0,0.0,0.0,0.0,0.0,,frontier,0,0,True,True,False,True
featurebench-modal/featurebench-modal-mlflow__mlflow.93dab383.test_type_hints.12d7e575.lv2,featurebench-modal,featurebench-modal-mlflow__mlflow.93dab383.test_type_hints.12d7e575.lv2,25,1,0.0384615384615384,0.0,0.0,0.0,0.0,0.0,0.0,0.0,,frontier,0,0,True,True,False,True
featurebench-modal/featurebench-modal-mlflow__mlflow.93dab383.test_unity_catalog_oss_rest_store.92593ea2.lv1,featurebench-modal,featurebench-modal-mlflow__mlflow.93dab383.test_unity_catalog_oss_rest_store.92593ea2.lv1,25,1,0.0384615384615384,0.0,0.0,0.0,0.0,0.0,0.0,0.0,,frontier,0,0,True,True,False,True
omnimath/omnimath_412,omnimath,omnimath_412,25,1,0.0384615384615384,0.0,0.0,0.0,0.0,0.0,0.0,0.0,,frontier,0,0,True,True,False,True
seal0/seal0-70,seal0,seal0-70,25,1,0.0384615384615384,0.0,0.0,0.0,0.0,0.0,0.0,0.0,,frontier,0,0,True,True,False,True
algotune/algotune-group-lasso,algotune,algotune-group-lasso,24,2,0.0769230769230769,0.0038167359384659,0.0164962581024718,0.0,0.0828192548853089,0.0035240872305736,6.592432713818559,29.709138775406277,0.3072241187579901,frontier,0,0,True,True,False,True
algotune/algotune-kd-tree,algotune,algotune-kd-tree,24,2,0.0769230769230769,0.0457134937334499,0.1234562086940498,0.0,0.571284773961853,0.0429023286793955,1.6665376966705976,5.867221843557599,0.2841899460912646,frontier,0,0,True,True,True,True
algotune/algotune-ks-test-2samp,algotune,algotune-ks-test-2samp,24,2,0.0769230769230769,0.0465685654103007,0.113226151687439,0.0,0.4502433283334361,0.043009205059641,3.050974741720594,7.802572365664703,0.2623927861550229,frontier,0,0,True,True,True,True
algotune/algotune-matrix-exponential-sparse,algotune,algotune-matrix-exponential-sparse,24,2,0.0769230769230769,0.0004878119638205,0.0012945398637464,0.0,0.0065353239382759,0.0004586697228948,0.7919208268320759,2.821858164438759,0.0836882896448961,frontier,0,0,True,True,False,True
algotune/algotune-matrix-multiplication,algotune,algotune-matrix-multiplication,24,2,0.0769230769230769,0.0009863170969219,0.0037266569764364,0.0,0.0180199170451726,0.0009108288299556,0.2444090872100198,0.9633280059575704,0.0418875467244289,frontier,0,0,True,True,False,True
algotune/algotune-kernel-density-estimation,algotune,algotune-kernel-density-estimation,24,2,0.0769230769230769,0.0006377497039021,0.001450033273863,0.0,0.0063391655791639,0.0005890517478823,2.3337620344033323,5.559823460428287,-0.0243825111558706,frontier,0,0,True,True,False,True
algotune/algotune-least-squares,algotune,algotune-least-squares,24,2,0.0769230769230769,0.0,0.0,0.0,0.0,0.0,0.0,0.0,,frontier,0,0,True,True,False,True
algotune/algotune-matrix-exponential,algotune,algotune-matrix-exponential,24,2,0.0769230769230769,0.0,0.0,0.0,0.0,0.0,0.0,0.0,,frontier,0,0,True,True,False,True
algotune/algotune-lu-factorization,algotune,algotune-lu-factorization,23,3,0.1153846153846153,0.0557801113422333,0.1124582081202853,0.0,0.4084217292154054,0.0493675510168515,0.4389857516140398,0.9537000205264188,0.4459356014698932,frontier,0,0,True,True,True,True
algotune/algotune-matrix-sqrt,algotune,algotune-matrix-sqrt,23,3,0.1153846153846153,0.0010840321342961,0.0050845614068578,0.0,0.0249327390888123,0.0009595679838311,0.1887218792434961,0.9429791136093127,0.0675045268804274,frontier,0,0,True,True,False,True
algotune/algotune-shift-2d,algotune,algotune-shift-2d,22,4,0.1538461538461538,0.0125113661118415,0.040867254957558,0.0,0.1715762685496459,0.013436803027404,0.3287914258336806,0.9710984726552604,0.5504437536209263,frontier,0,0,True,True,True,True
algotune/algotune-sylvester-solver,algotune,algotune-sylvester-solver,22,4,0.1538461538461538,0.0261049606274038,0.066385883790153,0.0,0.3022086990281279,0.0330824155456445,3.855303599745056,9.95634176573697,0.5264171254931952,frontier,0,0,True,True,True,True
algotune/algotune-rocket-landing-optimization,algotune,algotune-rocket-landing-optimization,22,4,0.1538461538461538,0.0241108878528845,0.0453613254134903,0.0,0.1931238364884456,0.0261163719437055,0.6869301011498377,1.2879097253050198,0.4900159700179761,frontier,0,0,True,True,True,True
algotune/algotune-svm,algotune,algotune-svm,22,4,0.1538461538461538,0.0315606906756871,0.1223310747023382,0.0,0.5895620247933682,0.0375299838621263,5.142261984332355,16.92103352703596,0.4836556781614021,frontier,0,0,True,True,True,True
algotune/algotune-outer-product,algotune,algotune-outer-product,22,4,0.1538461538461538,0.0233747734640355,0.107116668751388,0.0,0.5142450162087822,0.0292362267934682,0.2729381629793203,1.0071629820003454,0.481946655656836,frontier,0,0,True,True,True,True
algotune/algotune-zoom-2d,algotune,algotune-zoom-2d,22,4,0.1538461538461538,0.0440196660394337,0.1848239713434448,0.0,0.8874637621481567,0.0373084649052637,0.2012350926039719,0.9239422446146484,0.2592814194929581,frontier,0,0,True,True,True,True
algotune/algotune-voronoi-diagram,algotune,algotune-voronoi-diagram,22,4,0.1538461538461538,0.0074150045530909,0.02421371805863,0.0,0.1171896210321269,0.0062823185731342,0.9592095946098356,3.5482591977435307,0.2567383873205265,frontier,0,0,True,True,False,True
algotune/algotune-qz-factorization,algotune,algotune-qz-factorization,22,4,0.1538461538461538,0.0041433634681991,0.0093501573055578,0.0,0.0388958212895055,0.0037652890911021,1.1098385189235982,2.57069050696796,0.2385539815204653,frontier,0,0,True,True,False,True
algotune/algotune-vectorized-newton,algotune,algotune-vectorized-newton,22,4,0.1538461538461538,0.038510269672464,0.1764762258072285,0.0,0.8472259327942084,0.032642640938959,0.1705118229776864,0.9288753424958316,0.2241985754102866,frontier,0,0,True,True,True,True
algotune/algotune-toeplitz-solver,algotune,algotune-toeplitz-solver,22,4,0.1538461538461538,0.0005075477401252,0.0007256375600585,0.0,0.0022920932874291,0.0004472066560069,0.3942835612106666,0.9519249931125774,-0.0140317813312263,frontier,0,0,True,True,False,True
algotune/algotune-nmf,algotune,algotune-nmf,22,4,0.1538461538461538,9.967112544256365e-05,0.0004567504769419,0.0,0.0021927647597364,8.436572185515841e-05,0.1847085577665942,0.9232170583846614,-0.0345996198217935,frontier,0,0,True,True,False,True
algotune/algotune-sparse-lowest-eigenvectors-posdef,algotune,algotune-sparse-lowest-eigenvectors-posdef,22,4,0.1538461538461538,0.0411926154802827,0.079478753900351,0.0,0.2293363281740674,0.0348599974663682,9.276428034784404,19.852249146946832,-0.0956635164782922,frontier,0,0,True,True,True,True
algotune/algotune-ode-lorenz96-nonchaotic,algotune,algotune-ode-lorenz96-nonchaotic,22,4,0.1538461538461538,0.0,0.0,0.0,0.0,0.0,0.0,0.0,,frontier,0,0,True,True,False,True
algotune/algotune-ode-nbodyproblem,algotune,algotune-ode-nbodyproblem,22,4,0.1538461538461538,0.0,0.0,0.0,0.0,0.0,0.0,0.0,,frontier,0,0,True,True,False,True
algotune/algotune-pde-burgers1d,algotune,algotune-pde-burgers1d,22,4,0.1538461538461538,0.0,0.0,0.0,0.0,0.0,0.0,0.0,,frontier,0,0,True,True,False,True
algotune/algotune-pde-heat1d,algotune,algotune-pde-heat1d,22,4,0.1538461538461538,0.0,0.0,0.0,0.0,0.0,0.0,0.0,,frontier,0,0,True,True,False,True
algotune/algotune-upfirdn1d,algotune,algotune-upfirdn1d,21,5,0.1923076923076923,0.0150463102716524,0.0575382050399478,0.0,0.2683457861945589,0.0185179938193804,0.3218382256888918,1.0376986971612858,0.5376427077480588,frontier,0,0,True,True,True,True
algotune/algotune-sinkhorn,algotune,algotune-sinkhorn,21,5,0.1923076923076923,0.0257273272316575,0.1048839435079235,0.0,0.4936489127672267,0.0213302890995294,0.1941155982344522,0.9063572709120248,-0.1995798446346078,frontier,0,0,True,True,True,True
algotune/algotune-queuing,algotune,algotune-queuing,21,5,0.1923076923076923,0.0016321035501241,0.0066937179593644,0.0,0.0314462197420312,0.0013182383022075,0.1969143808179742,0.9038447440590808,-0.4471607215476872,frontier,0,0,True,True,False,True
arc-agi-2/arc-agi-2-2b83f449_0,arc-agi-2,arc-agi-2-2b83f449_0,20,6,0.2307692307692307,0.03,0.0714142842854285,0.0,0.2,0.031056966760804,0.4540480910328102,1.057245189122192,0.6606866910894632,frontier,0,0,True,True,True,True
arc-agi-2/arc-agi-2-5545f144_0,arc-agi-2,arc-agi-2-5545f144_0,20,6,0.2307692307692307,0.04,0.12,0.0,0.4,0.0462188433781506,0.4180183560335741,1.1638168046221136,0.5885635245952026,frontier,0,0,True,True,True,True
arc-agi-2/arc-agi-2-7b80bb43_0,arc-agi-2,arc-agi-2-7b80bb43_0,20,6,0.2307692307692307,0.02,0.06,0.0,0.2,0.0231094216890753,0.4180183560335741,1.1638168046221136,0.5885635245952026,frontier,0,0,True,True,True,True
medagentbench/medagentbench-task7_12,medagentbench,medagentbench-task7_12,20,6,0.2307692307692307,0.03,0.0714142842854285,0.0,0.2,0.0308017552160141,0.4589752991175583,1.0820501027884384,0.5684402153434441,frontier,0,0,True,True,True,True
arc-agi-2/arc-agi-2-a25697e4_0,arc-agi-2,arc-agi-2-a25697e4_0,20,6,0.2307692307692307,0.03,0.0953939201416945,0.0,0.4,0.0300830341263965,0.3153558851728949,0.9360389540757202,0.5513172299732279,frontier,0,0,True,True,True,True
bixbench/bix-49-q1,bixbench,bix-49-q1,20,6,0.2307692307692307,0.04,0.08,0.0,0.2,0.0387494159911665,0.501494299035511,1.0217674675141963,0.5360743693997861,frontier,0,0,True,True,True,True
arc-agi-2/arc-agi-2-6ffbe589_0,arc-agi-2,arc-agi-2-6ffbe589_0,20,6,0.2307692307692307,0.05,0.1532970971675589,0.0,0.6,0.0447718703069141,0.2920594788430792,0.8946467364801947,0.4870528253600699,frontier,0,0,True,True,True,True
arc-agi-2/arc-agi-2-13e47133_0,arc-agi-2,arc-agi-2-13e47133_0,20,6,0.2307692307692307,0.03,0.1307669683062202,0.0,0.6,0.0341102417002255,0.2608298142565733,0.9625946447918604,0.481949980716582,frontier,0,0,True,True,True,True
arc-agi-2/arc-agi-2-446ef5d2_0,arc-agi-2,arc-agi-2-446ef5d2_0,20,6,0.2307692307692307,0.02,0.0871779788708134,0.0,0.4,0.0227401611334836,0.2608298142565733,0.9625946447918604,0.481949980716582,frontier,0,0,True,True,True,True
arc-agi-2/arc-agi-2-8b7bacbf_0,arc-agi-2,arc-agi-2-8b7bacbf_0,20,6,0.2307692307692307,0.02,0.0871779788708134,0.0,0.4,0.0227401611334836,0.2608298142565733,0.9625946447918604,0.481949980716582,frontier,0,0,True,True,True,True
arc-agi-2/arc-agi-2-a32d8b75_0,arc-agi-2,arc-agi-2-a32d8b75_0,20,6,0.2307692307692307,0.01,0.0435889894354067,0.0,0.2,0.0113700805667418,0.2608298142565733,0.9625946447918604,0.481949980716582,frontier,0,0,True,True,True,True
mmau/mmau-1a5dd76a-7905-4a83-bd88-7ae26730656d,mmau,mmau-1a5dd76a-7905-4a83-bd88-7ae26730656d,20,6,0.2307692307692307,0.02,0.0871779788708134,0.0,0.4,0.0227401611334836,0.2608298142565733,0.9625946447918604,0.481949980716582,frontier,0,0,True,True,True,True
mmau/mmau-8c017759-858f-4b9b-91b4-d551bf3388f8,mmau,mmau-8c017759-858f-4b9b-91b4-d551bf3388f8,20,6,0.2307692307692307,0.01,0.0435889894354067,0.0,0.2,0.0113700805667418,0.2608298142565733,0.9625946447918604,0.481949980716582,frontier,0,0,True,True,True,True
replicationbench/replicationbench-bayes_cal__nwp_set,replicationbench,replicationbench-bayes_cal__nwp_set,20,6,0.2307692307692307,0.02,0.0871779788708134,0.0,0.4,0.0227401611334836,0.2608298142565733,0.9625946447918604,0.481949980716582,frontier,0,0,True,True,True,True
arc-agi-2/arc-agi-2-faa9f03d_0,arc-agi-2,arc-agi-2-faa9f03d_0,20,6,0.2307692307692307,0.01,0.0435889894354067,0.0,0.2,0.0137117933439455,0.3145701132682755,1.0961072598554318,0.4369543467591128,frontier,0,0,True,True,True,True
bixbench/bix-28-q6,bixbench,bix-28-q6,20,6,0.2307692307692307,0.02,0.0871779788708134,0.0,0.4,0.0274235866878911,0.3145701132682755,1.0961072598554318,0.4369543467591128,frontier,0,0,True,True,True,True
arc-agi-2/arc-agi-2-195c6913_0,arc-agi-2,arc-agi-2-195c6913_0,20,6,0.2307692307692307,0.03,0.0953939201416945,0.0,0.4,0.035337311871099,0.3704356820498654,1.0591002491039456,0.3694433574497917,frontier,0,0,True,True,True,True
swebench-verified/swebench-verified-matplotlib__matplotlib-26208,swebench-verified,swebench-verified-matplotlib__matplotlib-26208,20,6,0.2307692307692307,0.03,0.0953939201416945,0.0,0.4,0.035337311871099,0.3704356820498654,1.0591002491039456,0.3694433574497917,frontier,0,0,True,True,True,True
bixbench/bix-16-q3,bixbench,bix-16-q3,20,6,0.2307692307692307,0.0225,0.0679613860953409,0.0,0.25,0.0248331327692886,0.3654006222658708,1.0176015041760833,0.3494522780309682,frontier,0,0,True,True,True,True
bixbench/bix-36-q4,bixbench,bix-36-q4,20,6,0.2307692307692307,0.02,0.0871779788708134,0.0,0.4,0.0280237164843068,0.3211005134946071,1.1191829869080527,0.292522527110006,frontier,0,0,True,True,True,True
medagentbench/medagentbench-task3_3,medagentbench,medagentbench-task3_3,20,6,0.2307692307692307,0.01,0.0435889894354067,0.0,0.2,0.0140118582421534,0.3211005134946071,1.1191829869080527,0.292522527110006,frontier,0,0,True,True,True,True
mmau/mmau-27e29e2e-28d8-45e2-be0c-697af91caa48,mmau,mmau-27e29e2e-28d8-45e2-be0c-697af91caa48,20,6,0.2307692307692307,0.02,0.0871779788708134,0.0,0.4,0.0280237164843068,0.3211005134946071,1.1191829869080527,0.292522527110006,frontier,0,0,True,True,True,True
arc-agi-2/arc-agi-2-62593bfd_1,arc-agi-2,arc-agi-2-62593bfd_1,20,6,0.2307692307692307,0.04,0.12,0.0,0.4,0.0435492369200024,0.3626563394185472,1.008854213746303,0.2924797934080876,frontier,0,0,True,True,True,True
gaia/gaia-5f982798-16b9-4051-ab57-cfc7ebdb2a91,gaia,gaia-5f982798-16b9-4051-ab57-cfc7ebdb2a91,20,6,0.2307692307692307,0.01,0.0435889894354067,0.0,0.2,0.0079475450717287,0.168492506602895,0.8872371482587078,0.2271469539290938,frontier,0,0,True,True,True,True
medagentbench/medagentbench-task3_9,medagentbench,medagentbench-task3_9,20,6,0.2307692307692307,0.01,0.0435889894354067,0.0,0.2,0.0079475450717287,0.168492506602895,0.8872371482587078,0.2271469539290938,frontier,0,0,True,True,True,True
mmau/mmau-c678230c-6851-4232-827b-2dc545e975b5,mmau,mmau-c678230c-6851-4232-827b-2dc545e975b5,20,6,0.2307692307692307,0.02,0.0871779788708134,0.0,0.4,0.0158950901434574,0.168492506602895,0.8872371482587078,0.2271469539290938,frontier,0,0,True,True,True,True
swebenchpro/swebenchpro-instance_nodebb__nodebb-8ca65b0c78c67c1653487c02d1135e1b702185e1-vf2cf3cbd463b7ad942381f1c6d077626485a1e9e,swebenchpro,swebenchpro-instance_nodebb__nodebb-8ca65b0c78c67c1653487c02d1135e1b702185e1-vf2cf3cbd463b7ad942381f1c6d077626485a1e9e,20,6,0.2307692307692307,0.03,0.1307669683062202,0.0,0.6,0.0238426352151861,0.168492506602895,0.8872371482587078,0.2271469539290938,frontier,0,0,True,True,True,True
qcircuitbench/qcircuitbench-universal_2-n9,qcircuitbench,qcircuitbench-universal_2-n9,20,6,0.2307692307692307,0.02303555,0.0874851685272852,0.0,0.4,0.0182301383161519,0.1946090252364765,0.8891001686997536,0.2219245390002314,frontier,0,0,True,True,True,True
medagentbench/medagentbench-task7_7,medagentbench,medagentbench-task7_7,20,6,0.2307692307692307,0.04,0.08,0.0,0.2,0.037093062322348,0.4634804914339948,0.95342825479089,0.1883325557117755,frontier,0,0,True,True,True,True
gaia/gaia-46719c30-f4c3-4cad-be07-d5cb21eee6bb,gaia,gaia-46719c30-f4c3-4cad-be07-d5cb21eee6bb,20,6,0.2307692307692307,0.03,0.0953939201416945,0.0,0.4,0.0233322157881205,0.2382701493668503,0.8886836184459348,0.163589714425039,frontier,0,0,True,True,True,True
gaia/gaia-2dfc4c37-fec1-4518-84a7-10095d30ad75,gaia,gaia-2dfc4c37-fec1-4518-84a7-10095d30ad75,20,6,0.2307692307692307,0.04,0.08,0.0,0.2,0.0310252482407014,0.380301591604581,0.9047880937886276,0.1493656300840475,frontier,0,0,True,True,True,True
gaia/gaia-50ad0280-0819-4bd9-b275-5de32d3b5bcb,gaia,gaia-50ad0280-0819-4bd9-b275-5de32d3b5bcb,20,6,0.2307692307692307,0.01,0.0435889894354067,0.0,0.2,0.007692552755296,0.1764792635694262,0.8823670831220436,0.0660880690683276,frontier,0,0,True,True,True,True
medagentbench/medagentbench-task7_13,medagentbench,medagentbench-task7_13,20,6,0.2307692307692307,0.03,0.0953939201416945,0.0,0.4,0.0293628261365528,0.3078060540225041,0.9289819364659058,0.0216318264124579,frontier,0,0,True,True,True,True
medagentbench/medagentbench-task7_20,medagentbench,medagentbench-task7_20,20,6,0.2307692307692307,0.03,0.0714142842854285,0.0,0.2,0.0230900888524485,0.3230900705166852,0.8947583497649814,-0.030299165054991,frontier,0,0,True,True,True,True
bixbench/bix-1-q1,bixbench,bix-1-q1,20,6,0.2307692307692307,0.01,0.0435889894354067,0.0,0.2,0.007694953603506,0.1765343428048269,0.8823561174272977,-0.0345991880348073,frontier,0,0,True,True,True,True
medagentbench/medagentbench-task3_28,medagentbench,medagentbench-task3_28,20,6,0.2307692307692307,0.01,0.0435889894354067,0.0,0.2,0.0076933910893567,0.1764984962718013,0.8823632448490203,-0.0501500062764334,frontier,0,0,True,True,True,True
medagentbench/medagentbench-task7_25,medagentbench,medagentbench-task7_25,20,6,0.2307692307692307,0.02,0.06,0.0,0.2,0.0153970357031169,0.2563246792037138,0.8882577578188566,-0.0628566099824316,frontier,0,0,True,True,True,True
mmau/mmau-77175ed4-db9c-4ad3-b8cc-4b328e01d485,mmau,mmau-77175ed4-db9c-4ad3-b8cc-4b328e01d485,20,6,0.2307692307692307,0.01,0.0435889894354067,0.0,0.2,0.0076923300722395,0.176465111977111,0.8823699142518422,-0.1077998591337241,frontier,0,0,True,True,True,True
simpleqa/simpleqa-1749,simpleqa,simpleqa-1749,20,6,0.2307692307692307,0.02,0.06,0.0,0.2,0.0153970496697059,0.2563023871095409,0.8882643921465941,-0.1408634548466663,frontier,0,0,True,True,True,True
mmau/mmau-01fb92c4-7c7a-4005-8c1a-91e8a76d6f51,mmau,mmau-01fb92c4-7c7a-4005-8c1a-91e8a76d6f51,20,6,0.2307692307692307,0.01,0.0435889894354067,0.0,0.2,0.0076940244705676,0.1765130270333336,0.8823603485549475,-0.1576645818916833,frontier,0,0,True,True,True,True
swebenchpro/swebenchpro-instance_ansible__ansible-cd473dfb2fdbc97acf3293c134b21cbbcfa89ec3-vba6da65a0f3baefda7a058ebbd0a8dcafb8512f5,swebenchpro,swebenchpro-instance_ansible__ansible-cd473dfb2fdbc97acf3293c134b21cbbcfa89ec3-vba6da65a0f3baefda7a058ebbd0a8dcafb8512f5,20,6,0.2307692307692307,0.01,0.0435889894354067,0.0,0.2,0.0076940244705676,0.1765130270333336,0.8823603485549475,-0.1576645818916833,frontier,0,0,True,True,True,True
mmau/mmau-a5dfb846-f86e-4b4b-8311-5e783b9f4634,mmau,mmau-a5dfb846-f86e-4b4b-8311-5e783b9f4634,20,6,0.2307692307692307,0.05,0.1072380529476361,0.0,0.4,0.0386757065754907,0.3559239626546541,0.9002540510559108,-0.1647621050127938,frontier,0,0,True,True,True,True
gpqa-diamond/gpqa-diamond-76,gpqa-diamond,gpqa-diamond-76,20,6,0.2307692307692307,0.06,0.0916515138991168,0.0,0.2,0.04616001042361,0.2308000521180501,0.4213081821540134,-0.2475911340669624,frontier,0,0,True,True,True,True
gaia/gaia-e142056d-56ab-4352-b091-b56054bd1359,gaia,gaia-e142056d-56ab-4352-b091-b56054bd1359,20,6,0.2307692307692307,0.03,0.0714142842854285,0.0,0.2,0.0231131447026715,0.3224792316862622,0.8950009630559631,-0.263649541422886,frontier,0,0,True,True,True,True
bixbench/bix-6-q5,bixbench,bix-6-q5,20,6,0.2307692307692307,0.02,0.06,0.0,0.2,0.0155972703290755,0.2514854343982388,0.8908675871572725,-0.2729179148558944,frontier,0,0,True,True,True,True
mmau/mmau-31564584-4c55-4f17-b013-62afc898c135,mmau,mmau-31564584-4c55-4f17-b013-62afc898c135,20,6,0.2307692307692307,0.0325,0.1003431612019474,0.0,0.4,0.0250653767246175,0.2497965623603564,0.8874336765634514,-0.2864266455989552,frontier,0,0,True,True,True,True
gaia/gaia-384d0dd8-e8a4-4cfe-963c-d37f256e7662,gaia,gaia-384d0dd8-e8a4-4cfe-963c-d37f256e7662,20,6,0.2307692307692307,0.06,0.18,0.0,0.6,0.0461540737245115,0.2564069882003786,0.8882321271369935,-0.3095689652862838,frontier,0,0,True,True,True,True
mmau/mmau-1beb87ed-8d10-4c39-87b4-81365b947fb8,mmau,mmau-1beb87ed-8d10-4c39-87b4-81365b947fb8,20,6,0.2307692307692307,0.06,0.0916515138991168,0.0,0.2,0.0462033134633506,0.2304931808568265,0.421486447444615,-0.3838914103168804,frontier,0,0,True,True,True,True
bixbench/bix-29-q2,bixbench,bix-29-q2,20,6,0.2307692307692307,0.03666665,0.0906151268951685,0.0,0.333333,0.0282415502406931,0.3114894028626903,0.893397980776945,-0.3985591325923605,frontier,0,0,True,True,True,True
mmau/mmau-c1e78721-e1ec-4cb8-9a09-4cc95747b587,mmau,mmau-c1e78721-e1ec-4cb8-9a09-4cc95747b587,20,6,0.2307692307692307,0.02,0.0871779788708134,0.0,0.4,0.0153848164521916,0.1764537529562263,0.8823721919906232,-0.4533028191446998,frontier,0,0,True,True,True,True
gaia/gaia-48eb8242-1099-4c26-95d4-ef22b002457a,gaia,gaia-48eb8242-1099-4c26-95d4-ef22b002457a,20,6,0.2307692307692307,0.03,0.1307669683062202,0.0,0.6,0.0230770679717508,0.1764635206357556,0.8823702331695826,-0.4950386450655257,frontier,0,0,True,True,True,True
gaia/gaia-8d46b8d6-b38a-47ff-ac74-cda14cf2d19b,gaia,gaia-8d46b8d6-b38a-47ff-ac74-cda14cf2d19b,20,6,0.2307692307692307,0.02,0.0871779788708134,0.0,0.4,0.0153847119811672,0.1764635206357556,0.8823702331695826,-0.4950386450655257,frontier,0,0,True,True,True,True
arc-agi-2/arc-agi-2-88bcf3b4_0,arc-agi-2,arc-agi-2-88bcf3b4_0,20,6,0.2307692307692307,0.0,0.0,0.0,0.0,0.0,0.0,0.0,,frontier,0,0,True,True,False,True
arc-agi-2/arc-agi-2-de809cff_0,arc-agi-2,arc-agi-2-de809cff_0,20,6,0.2307692307692307,0.0,0.0,0.0,0.0,0.0,0.0,0.0,,frontier,0,0,True,True,False,True
arc-agi-2/arc-agi-2-e12f9a14_1,arc-agi-2,arc-agi-2-e12f9a14_1,20,6,0.2307692307692307,0.0,0.0,0.0,0.0,0.0,0.0,0.0,,frontier,0,0,True,True,False,True
bixbench/bix-10-q7,bixbench,bix-10-q7,20,6,0.2307692307692307,0.0,0.0,0.0,0.0,0.0,0.0,0.0,,frontier,0,0,True,True,False,True
bixbench/bix-13-q5,bixbench,bix-13-q5,20,6,0.2307692307692307,0.0,0.0,0.0,0.0,0.0,0.0,0.0,,frontier,0,0,True,True,False,True
bixbench/bix-16-q1,bixbench,bix-16-q1,20,6,0.2307692307692307,0.0,0.0,0.0,0.0,0.0,0.0,0.0,,frontier,0,0,True,True,False,True
bixbench/bix-22-q4,bixbench,bix-22-q4,20,6,0.2307692307692307,0.0,0.0,0.0,0.0,0.0,0.0,0.0,,frontier,0,0,True,True,False,True
