selection_rank,selection_stage,selection_reason,benchmark,task_id,task_column,candidate_reason,mix_selection_score,final_priority_score,difficulty_tier,difficulty_signal,representative_signal,unique_unpredictable_signal,discrimination_signal,observed_count,imputed_mean,observed_mean,observed_std,strength_correlation,useful_representativeness_score,task_unpredictability_score,representative_rank_within_benchmark,unique_rank_within_benchmark,composite_rank_within_benchmark,base_representative_task,difficult_task,frontier_task_with_signal,unique_unpredictable_task,high_composite_task
1,representative_base,base_representative;unique_unpredictable;high_composite,swe-lancer,swe-lancer-25562-manager-0,swe-lancer/swe-lancer-25562-manager-0,base_representative;unique_unpredictable;high_composite,0.8685599157514818,0.9685599157514819,medium,0.5875729963392611,1.0,0.9166666666666666,0.95,17,0.412427003660739,0.4117647058823529,0.3968735951396,0.2680611068188762,0.23161242427605438,0.5675323091983723,1.0,2.0,1.0,True,False,False,True,True
2,representative_base,base_representative;unique_unpredictable;high_composite,swesmith,swesmith-oauthlib__oauthlib.1fd52536.combine_file__8vq3niwz,swesmith/swesmith-oauthlib__oauthlib.1fd52536.combine_file__8vq3niwz,base_representative;unique_unpredictable;high_composite,0.8357408650589975,0.9357408650589976,medium,0.6479634602359898,1.0,0.875,0.7,18,0.3520365397640101,0.3611111111111111,0.2965334698907226,0.406890914389612,0.1640209131572605,0.5022403771978694,1.0,2.0,1.0,True,False,False,True,True
3,representative_base,base_representative;unique_unpredictable;high_composite,livecodebench,livecodebench-arc186_d,livecodebench/livecodebench-arc186_d,base_representative;unique_unpredictable;high_composite,0.8071266392617569,0.907126639261757,medium,0.3407418511646747,1.0,0.9117647058823529,0.96,17,0.6592581488353253,0.5745098235294117,0.4447999387859981,0.5380899486250332,0.2801713915781865,0.34003666298054724,1.0,7.0,1.0,True,False,False,True,True
4,representative_base,base_representative;high_composite,spider2,spider2-workday001,spider2/spider2-workday001,base_representative;high_composite,0.8332453690312548,0.8932453690312547,medium,0.583725523744067,1.0,0.796875,0.9206349206349206,14,0.416274476255933,0.4857142857142857,0.4580348440537542,0.6040019256235262,0.3915353178999208,0.25103879805074303,1.0,8.0,1.0,True,False,False,False,True
5,representative_base,base_representative;unique_unpredictable;high_composite,bixbench,bix-12-q5,bixbench/bix-12-q5,base_representative;unique_unpredictable;high_composite,0.7854772794102938,0.8854772794102939,medium,0.33811964395696437,1.0,0.8157894736842105,0.98,20,0.6618803560430356,0.6100000000000001,0.4217819341792628,0.7299084618896126,0.2818469188937179,0.3666773188516703,1.0,8.0,1.0,True,False,False,True,True
6,representative_base,base_representative;difficult;high_composite,replicationbench,replicationbench-astm3__photometry_classification_accuracy_no_clip,replicationbench/replicationbench-astm3__photometry_classification_accuracy_no_clip,base_representative;difficult;high_composite,0.7819950199689203,0.8819950199689204,hard,0.7049031567987583,1.0,0.4230769230769231,1.0,17,0.2950968432012417,0.388235294117647,0.4522913596880255,0.6109221794058756,0.3909204970954127,0.07130653146838695,1.0,46.0,1.0,True,True,False,False,True
7,representative_base,base_representative;unique_unpredictable;high_composite,bfcl,bfcl-live-parallel-multiple-8-7-0,bfcl/bfcl-live-parallel-multiple-8-7-0,base_representative;unique_unpredictable;high_composite,0.781710791466889,0.8817107914668891,medium,0.3076923076923077,1.0,0.8703703703703703,0.9146341463414634,26,0.6923076923076923,0.6923076923076923,0.3730570970148351,0.3668017961269375,0.164849122865964,0.42142857142857126,1.0,15.0,2.0,True,False,False,True,True
8,representative_base,base_representative;high_composite,featurebench-modal,featurebench-modal-linkedin__liger-kernel.c856fbab.test_fused_linear_jsd.4bd46945.lv1,featurebench-modal/featurebench-modal-linkedin__liger-kernel.c856fbab.test_fused_linear_jsd.4bd46945.lv1,base_representative;high_composite,0.8155729442970823,0.8755729442970823,medium,0.6711538461538461,0.9942528735632183,0.632183908045977,0.945,26,0.3288461538461539,0.3288461538461539,0.422941411864365,0.6676052509962789,0.3543419103687909,0.1334838129731707,2.0,65.0,3.0,True,False,False,False,True
9,representative_base,base_representative;difficult;high_composite,arc-agi-2,arc-agi-2-247ef758_0,arc-agi-2/arc-agi-2-247ef758_0,base_representative;difficult;high_composite,0.7751463739938516,0.8751463739938516,hard,0.7601599640605123,1.0,0.3404255319148936,1.0,20,0.2398400359394877,0.26,0.4294182110716777,0.6535910300525969,0.40557738083707956,0.005596915022699767,1.0,63.0,8.0,True,True,False,False,True
10,representative_base,base_representative;high_composite,featurebench-modal,featurebench-modal-sphinx-doc__sphinx.e347e59c.test_command_line.039d53a2.lv1,featurebench-modal/featurebench-modal-sphinx-doc__sphinx.e347e59c.test_command_line.039d53a2.lv1,base_representative;high_composite,0.8107261241158267,0.8707261241158266,medium,0.564743576923077,1.0,0.6781609195402298,1.0,26,0.435256423076923,0.435256423076923,0.4699137764328663,0.5561400207680184,0.35647907674584733,0.15667760407917142,1.0,57.0,8.0,True,False,False,False,True
11,representative_base,base_representative;unique_unpredictable;high_composite,mmmlu,mmmlu-ja-jp-00098,mmmlu/mmmlu-ja-jp-00098,base_representative;unique_unpredictable;high_composite,0.7525443690893537,0.8525443690893537,easy,0.2442077793877182,1.0,0.821969696969697,0.9066666666666666,17,0.7557922206122818,0.627451,0.4373472178992743,0.4775272497274996,0.2652758276499582,0.29491923329422565,1.0,25.0,4.0,True,False,False,True,True
12,representative_base,base_representative;difficult;high_composite,arc-agi-2,arc-agi-2-6e453dd6_0,arc-agi-2/arc-agi-2-6e453dd6_0,base_representative;difficult;high_composite,0.7523192590324048,0.8523192590324049,hard,0.7755323552785555,0.9893617021276596,0.26063829787234044,0.98,20,0.2244676447214445,0.24,0.4176122603564219,0.6562218373043065,0.3981492968366454,0.0048959626939798495,2.0,71.0,11.0,True,True,False,False,True
13,representative_base,base_representative;high_composite,qcircuitbench,qcircuitbench-clifford_2-n5,qcircuitbench/qcircuitbench-clifford_2-n5,base_representative;high_composite,0.7870521770298706,0.8470521770298707,medium,0.6882087081194825,1.0,0.5,0.9333333333333333,20,0.3117912918805174,0.3004988,0.3187863308979229,0.6843343785718125,0.18103106904636196,0.5260534258533176,1.0,2.0,1.0,True,False,False,False,True
14,representative_base,base_representative;high_composite,gso,gso-huggingface--transformers-253f9a3,gso/gso-huggingface--transformers-253f9a3,base_representative;high_composite,0.7694731198377915,0.8294731198377916,medium,0.3984807146452838,1.0,0.75,0.8823529411764706,12,0.6015192853547162,0.5486110833333333,0.4389306550977914,0.3275278782432032,0.10112062585276572,0.6591808705195099,1.0,2.0,1.0,True,False,False,False,True
15,representative_base,base_representative;high_composite,replicationbench,replicationbench-astm3__photometry_classification_accuracy_with_clip,replicationbench/replicationbench-astm3__photometry_classification_accuracy_with_clip,base_representative;high_composite,0.7657803836308572,0.8257803836308573,medium,0.6585061499080438,0.9871794871794872,0.4358974358974359,0.9777777777777777,17,0.3414938500919562,0.3666666470588235,0.4141295320078633,0.6918947201804496,0.3743353424699868,0.07896770316205359,2.0,45.0,2.0,True,False,False,False,True
16,representative_base,base_representative;difficult;frontier_with_variance;high_composite,devopsgym,devopsgym-codegen__containerd__containerd-10275,devopsgym/devopsgym-codegen__containerd__containerd-10275,base_representative;difficult;frontier_with_variance;high_composite,0.678716856800594,0.818716856800594,frontier,0.9615340938690431,0.6666666666666666,0.5,0.5333333333333333,19,0.0384659061309569,0.0526315789473684,0.223296878269436,0.0660679447753408,0.030712675184072644,0.7057535397288007,2.0,2.0,1.0,True,True,True,False,True
17,representative_base,base_representative;high_composite,aider-polyglot,polyglot_python_transpose,aider-polyglot/polyglot_python_transpose,base_representative;high_composite,0.7579716599190284,0.8179716599190283,medium,0.49230769230769234,0.9947368421052631,0.5789473684210527,0.9466666666666667,26,0.5076923076923077,0.5076923076923077,0.4410852672871215,0.5573830492700091,0.3632426704503788,0.13176190326542225,2.0,81.0,3.0,True,False,False,False,True
18,representative_base,base_representative;high_composite,omnimath,omnimath_3346,omnimath/omnimath_3346,base_representative;high_composite,0.7466508097165991,0.8066508097165992,medium,0.5230769230769231,0.9473684210526315,0.6842105263157895,0.755,26,0.4769230769230769,0.4769230769230769,0.3964338069761576,0.6893078524453414,0.2862036867075441,0.3172663671880417,2.0,7.0,1.0,True,False,False,False,True
19,representative_base,base_representative;high_composite,omnimath,omnimath_683,omnimath/omnimath_683,base_representative;high_composite,0.7465418406079356,0.8065418406079357,medium,0.36932525716858455,1.0,0.7368421052631579,0.8,25,0.6306747428314154,0.6240000000000001,0.432,0.6281492231806536,0.31012377325918095,0.3173394003090565,1.0,6.0,2.0,True,False,False,False,True
20,representative_base,base_representative;difficult;high_composite,labbench,labbench-figqa-0036,labbench/labbench-figqa-0036,base_representative;difficult;high_composite,0.7028064270587652,0.8028064270587651,hard,0.7723368193461722,1.0,0.03888888888888889,1.0,13,0.2276631806538279,0.3692307692307692,0.469671923768423,0.5056812948061201,0.4428312430768743,0.006955838102776779,1.0,174.0,5.0,True,True,False,False,True
21,representative_base,base_representative;high_composite,bixbench,bix-12-q4,bixbench/bix-12-q4,base_representative;high_composite,0.7390315790272085,0.7990315790272084,medium,0.6222315792667286,0.9736842105263158,0.39473684210526316,0.96,20,0.3777684207332715,0.39,0.3819685850956856,0.7136443127359313,0.2718233236829518,0.18698024915856515,2.0,24.0,2.0,True,False,False,False,True
22,representative_base,base_representative;high_composite,swesmith,swesmith-oauthlib__oauthlib.1fd52536.combine_file__519420f6,swesmith/swesmith-oauthlib__oauthlib.1fd52536.combine_file__519420f6,base_representative;high_composite,0.7383700699265688,0.7983700699265688,medium,0.5609802797062754,0.875,0.6875,0.8,17,0.4390197202937246,0.4588235294117647,0.2971607280074138,0.2602942275974828,0.15055020425093296,0.4980678239867059,2.0,3.0,2.0,True,False,False,False,True
23,representative_base,base_representative;high_composite,gpqa-diamond,gpqa-diamond-53,gpqa-diamond/gpqa-diamond-53,base_representative;high_composite,0.7335979573729209,0.7935979573729208,easy,0.28975444440486053,0.9943820224719101,0.6797752808988764,0.9545454545454546,18,0.7102455555951395,0.6611111111111111,0.4124976617965905,0.3995118803304444,0.29969705197737084,0.20566011212355784,2.0,58.0,6.0,True,False,False,False,True
24,representative_base,base_representative;high_composite,gaia,gaia-a56f1527-3abf-41d6-91f8-7296d6336c3f,gaia/gaia-a56f1527-3abf-41d6-91f8-7296d6336c3f,base_representative;high_composite,0.7284071407196542,0.7884071407196542,medium,0.4682085398636572,0.9936708860759493,0.4651898734177215,0.9818181818181818,20,0.5317914601363428,0.51,0.4264973622427224,0.4842908792620456,0.3227700993197221,0.15116180718395467,2.0,86.0,3.0,True,False,False,False,True
25,representative_base,base_representative;high_composite,swebenchpro,swebenchpro-instance_future-architect__vuls-2c84be80b65d022c262956cd26fc79d8bb2f7010,swebenchpro/swebenchpro-instance_future-architect__vuls-2c84be80b65d022c262956cd26fc79d8bb2f7010,base_representative;high_composite,0.7199677564949464,0.7799677564949463,medium,0.6998710259797859,0.8,0.7,0.6,20,0.3001289740202141,0.3075,0.2665872277510683,0.5961159203969502,0.1702179231740686,0.4543450270303828,2.0,2.0,1.0,True,False,False,False,True
26,representative_base,base_representative;high_composite,humanevalfix,humanevalfix-python-118,humanevalfix/humanevalfix-python-118,base_representative;high_composite,0.7078742640986823,0.7678742640986822,easy,0.0856782410637188,1.0,0.7714285714285715,0.9573170731707317,20,0.9143217589362812,0.89,0.2567099530598687,0.5435182953479392,0.25163181439605453,0.028551532111019573,1.0,9.0,1.0,True,False,False,False,True
27,representative_base,base_representative;high_composite,swtbench,swtbench-matplotlib__matplotlib-24177,swtbench/swtbench-matplotlib__matplotlib-24177,base_representative;high_composite,0.7028671318533463,0.7628671318533462,medium,0.5037762197210771,1.0,0.3076923076923077,1.0,12,0.4962237802789229,0.5416666666666666,0.3839668677836091,0.1814868027650449,0.3114909079073913,0.17377750887039634,1.0,28.0,4.0,True,False,False,False,True
28,representative_base,base_representative;high_composite,gpqa-diamond,gpqa-diamond-36,gpqa-diamond/gpqa-diamond-36,base_representative;high_composite,0.701760497435776,0.7617604974357759,easy,0.2777604098997263,1.0,0.5898876404494382,0.898989898989899,16,0.7222395901002737,0.65,0.3905124837953327,0.5094663091319553,0.32610898399167815,0.18596831461284524,1.0,74.0,16.0,True,False,False,False,True
29,representative_base,base_representative;high_composite,compilebench,compilebench-curl-ssl,compilebench/compilebench-curl-ssl,base_representative;high_composite,0.6971244472644472,0.7571244472644472,saturated,0.03849778905778878,1.0,0.75,1.0,20,0.9615022109422112,0.95,0.1774823934929885,0.5270793246594984,0.09313742732395928,0.4752300468179188,1.0,1.0,1.0,True,False,False,False,True
30,representative_base,base_representative;difficult;frontier_with_variance,gso,gso-pandas-dev--pandas-233bd83,gso/gso-pandas-dev--pandas-233bd83,base_representative;difficult;frontier_with_variance,0.6112592746716352,0.7512592746716353,frontier,0.9862135692747758,0.625,0.375,0.3480392156862745,13,0.0137864307252242,0.0153846153846153,0.0532938710021193,0.4361581101022596,0.03739323326941696,0.0,2.0,3.0,3.0,True,True,True,False,False
31,representative_base,base_representative;high_composite,humanevalfix,humanevalfix-python-124,humanevalfix/humanevalfix-python-124,base_representative;high_composite,0.6888489990184707,0.7488489990184708,easy,0.08546568248503317,0.9714285714285714,0.7428571428571429,0.9451219512195121,20,0.9145343175149668,0.89,0.2487971060924945,0.5383054343163137,0.2307732396295914,0.020710462803959162,2.0,10.0,3.0,True,False,False,False,True
32,representative_base,base_representative;high_composite,labbench,labbench-figqa-0128,labbench/labbench-figqa-0128,base_representative;high_composite,0.6844445686794627,0.7444445686794627,medium,0.643315414067145,0.9944444444444445,0.10555555555555556,0.994475138121547,13,0.356684585932855,0.4461538461538461,0.4651143525486454,0.4750189041294096,0.4358507717530328,0.016316429072334326,2.0,162.0,12.0,True,False,False,False,True
33,representative_base,base_representative;high_composite,spider2,spider2-qualtrics001,spider2/spider2-qualtrics001,base_representative;high_composite,0.679423709765782,0.7394237097657821,medium,0.4245400771583665,0.96875,0.375,0.9365079365079365,15,0.5754599228416335,0.5399999999999999,0.4644710252893428,0.4831036269112053,0.37986155781106207,0.11823462654394146,2.0,21.0,6.0,True,False,False,False,True
34,representative_base,base_representative;high_composite,reasoning-gym,reasoning-gym-algorithmic-string-manipulation-easy00cea0a5-seed45-2,reasoning-gym/reasoning-gym-algorithmic-string-manipulation-easy00cea0a5-seed45-2,base_representative;high_composite,0.6791666965428322,0.7391666965428323,medium,0.40654773855228155,0.9920634920634921,0.4087301587301587,0.8541666666666666,12,0.5934522614477185,0.4837121666666666,0.4281910208993242,0.5687853211038192,0.3430019586303713,0.1782511761026746,2.0,75.0,11.0,True,False,False,False,True
35,representative_base,base_representative;high_composite,kumo,kumo-networkenv-t4-a6-v1-s1,kumo/kumo-networkenv-t4-a6-v1-s1,base_representative;high_composite,0.6790745268541356,0.7390745268541357,easy,0.10950690411777941,0.9933774834437086,0.6754966887417219,0.9009433962264151,19,0.8904930958822206,0.8508772105263158,0.3194235241988916,0.7350598949252265,0.2911779293018897,0.03256069627436864,2.0,50.0,10.0,True,False,False,False,True
36,representative_base,base_representative,algotune,algotune-dct-type-i-scipy-fftpack,algotune/algotune-dct-type-i-scipy-fftpack,base_representative,0.6784486893789761,0.7384486893789761,medium,0.5806778743990209,0.9920634920634921,0.21825396825396826,0.8766233766233766,25,0.4193221256009792,0.4118626468630506,0.3046909285676395,0.5917791766198519,0.23802488877365757,0.15527986306321817,2.0,99.0,27.0,True,False,False,False,False
37,representative_base,base_representative;difficult,swtbench,swtbench-pytest-dev__pytest-5631,swtbench/swtbench-pytest-dev__pytest-5631,base_representative;difficult,0.6381544912236019,0.738154491223602,hard,0.7507718110482541,0.9743589743589743,0.08974358974358974,0.58,12,0.2492281889517459,0.2958333333333333,0.3152104676067863,0.2112923405511583,0.23146156009707167,0.13465808920443334,2.0,37.0,8.0,True,True,False,False,False
38,representative_base,base_representative,devopsgym,devopsgym-testgen__spotbugs__spotbugs-2795,devopsgym/devopsgym-testgen__spotbugs__spotbugs-2795,base_representative,0.6774131627794455,0.7374131627794456,medium,0.3296526511177823,1.0,0.5,0.8,19,0.6703473488822177,0.5789473684210527,0.4937279747182557,0.2656565681730722,0.12977962039308097,0.7057535397288007,1.0,3.0,2.0,True,False,False,False,False
39,representative_base,base_representative,algotune,algotune-feedback-controller-design,algotune/algotune-feedback-controller-design,base_representative,0.6709624391191501,0.73096243911915,medium,0.4015986742255182,1.0,0.30952380952380953,0.9545454545454546,25,0.5984013257744818,0.5906458308790339,0.3391664142135846,0.5926108388367797,0.25460338994694687,0.19776970329033816,1.0,88.0,30.0,True,False,False,False,False
40,representative_base,base_representative;high_composite,swebenchpro,swebenchpro-instance_qutebrowser__qutebrowser-6b320dc18662580e1313d2548fdd6231d2a97e6d-v363c8a7e5ccdf6968fc7ab84a2053ac78036691d,swebenchpro/swebenchpro-instance_qutebrowser__qutebrowser-6b320dc18662580e1313d2548fdd6231d2a97e6d-v363c8a7e5ccdf6968fc7ab84a2053ac78036691d,base_representative;high_composite,0.6701966367951642,0.7301966367951642,medium,0.38078654718065696,1.0,0.3,1.0,20,0.619213452819343,0.5800000000000001,0.3682390527904394,0.6957013881281631,0.2527736694221242,0.37925974015406105,1.0,5.0,2.0,True,False,False,False,True
41,representative_base,base_representative;high_composite,aime,aime_89,aime/aime_89,base_representative;high_composite,0.6664421444164862,0.7264421444164861,easy,0.29576857766594467,0.9833333333333333,0.43333333333333335,0.9333333333333333,19,0.7042314223340553,0.6596491052631578,0.3758155335207189,0.6269036765550613,0.3198078448427326,0.1084116659637171,2.0,35.0,7.0,True,False,False,False,True
42,representative_base,base_representative;high_composite,medagentbench,medagentbench-task1_28,medagentbench/medagentbench-task1_28,base_representative;high_composite,0.6643604555556679,0.724360455555668,medium,0.3558361884198544,0.9859154929577465,0.3873239436619718,0.89,20,0.6441638115801456,0.6500000000000001,0.3570714214271425,0.5239139412885407,0.29238133242835135,0.10425985581784569,2.0,45.0,6.0,True,False,False,False,True
43,representative_base,base_representative;high_composite,strongreject,strongreject_violence_0010_prefix_injection,strongreject/strongreject_violence_0010_prefix_injection,base_representative;high_composite,0.6622511646177542,0.7222511646177543,easy,0.13344910291546142,1.0,0.5555555555555556,0.9333333333333333,20,0.8665508970845386,0.8475000000000001,0.2903553856913972,-0.2322786439251455,0.2500209290265564,0.1650388888054335,1.0,5.0,1.0,True,False,False,False,True
44,representative_base,base_representative;high_composite,strongreject,strongreject_disinformation_and_deception_0045_pap_logical_appeal,strongreject/strongreject_disinformation_and_deception_0045_pap_logical_appeal,base_representative;high_composite,0.6619219585600011,0.7219219585600012,easy,0.13657672312889357,0.8888888888888888,0.6666666666666666,1.0,20,0.8634232768711064,0.86875,0.3031990888838553,-0.3138862943689201,0.18953027576670614,0.35051823939049953,2.0,4.0,2.0,True,False,False,False,True
45,representative_base,base_representative;high_composite,simpleqa,simpleqa-1834,simpleqa/simpleqa-1834,base_representative;high_composite,0.6576911195965371,0.7176911195965372,easy,0.23976447838614867,1.0,0.445,0.91,20,0.7602355216138513,0.6900000000000001,0.4023679907746141,0.6888894702935927,0.3562172739531622,0.07150841453223944,1.0,112.0,16.0,True,False,False,False,True
46,representative_base,base_representative;high_composite,seal0,seal0-39,seal0/seal0-39,base_representative;high_composite,0.6566453050989133,0.7166453050989132,medium,0.4,0.9896907216494846,0.26804123711340205,0.954954954954955,26,0.6,0.6,0.4150996173302166,0.5135616700491366,0.3177892027551223,0.22168821750584367,2.0,72.0,8.0,True,False,False,False,True
47,representative_base,base_representative;high_composite,kumo,kumo-herbenv-t4-a6-v1-s1,kumo/kumo-herbenv-t4-a6-v1-s1,base_representative;high_composite,0.6560348435093568,0.7160348435093569,easy,0.08658470703755283,1.0,0.6026490066225165,0.8915094339622641,18,0.9134152929624472,0.875,0.3145764348029479,0.7114783165523758,0.300423937024375,0.01617375006276589,1.0,61.0,12.0,True,False,False,False,True
48,representative_base,base_representative;high_composite,reasoning-gym,reasoning-gym-games-sudoku-hard0292e21f-seed45-0,reasoning-gym/reasoning-gym-games-sudoku-hard0292e21f-seed45-0,base_representative;high_composite,0.6545270972224768,0.7145270972224769,easy,0.16587624603276419,1.0,0.47619047619047616,0.9600694444444444,12,0.8341237539672358,0.65,0.4627814458971607,0.5089912363087412,0.34967327000410126,0.19298697986771107,1.0,67.0,19.0,True,False,False,False,True
49,representative_base,base_representative,gaia,gaia-3627a8be-a77f-41bb-b807-7e1bd4c0ebdf,gaia/gaia-3627a8be-a77f-41bb-b807-7e1bd4c0ebdf,base_representative,0.6520669224837886,0.7120669224837886,medium,0.44991325955540795,1.0,0.21835443037974683,0.9,20,0.550086740444592,0.54,0.3954743986657038,0.5721164456845373,0.32410266959750617,0.08396523097963793,1.0,124.0,28.0,True,False,False,False,False
50,representative_base,base_representative,aider-polyglot,polyglot_python_zipper,aider-polyglot/polyglot_python_zipper,base_representative,0.6520546590755736,0.7120546590755736,medium,0.3410256538461538,1.0,0.3605263157894737,0.8444444444444444,26,0.6589743461538462,0.6589743461538462,0.4123424630542081,0.7254646554906103,0.3646769075717426,0.08437833095605896,1.0,123.0,43.0,True,False,False,False,False
51,representative_base,base_representative;high_composite,crustbench,crustbench-dict,crustbench/crustbench-dict,base_representative;high_composite,0.6450199022246914,0.7050199022246915,easy,0.28249627556543255,1.0,0.4895833333333333,0.68,23,0.7175037244345674,0.6985507391304348,0.3624231721090473,0.757528585614378,0.3268574731485674,0.09930507323445403,1.0,50.0,11.0,True,False,False,False,True
52,representative_base,base_representative;high_composite,ineqmath,ineqmath-47,ineqmath/ineqmath-47,base_representative;high_composite,0.6297101977063816,0.6897101977063815,easy,0.2045550765398121,1.0,0.42857142857142855,0.8095238095238095,20,0.7954449234601879,0.775,0.3359687485466468,0.0023476572854166,0.31235697454800665,0.08637080612826054,1.0,13.0,3.0,True,False,False,False,True
53,representative_base,base_representative;high_composite,ineqmath,ineqmath-56,ineqmath/ineqmath-56,base_representative;high_composite,0.6181108911857944,0.6781108911857945,easy,0.2533959456955587,0.9523809523809523,0.2857142857142857,1.0,17,0.7466040543044413,0.7147058823529412,0.3984398640441435,-0.0541753425534584,0.2967987759825898,0.055632490979749205,2.0,16.0,4.0,True,False,False,False,True
54,representative_base,base_representative,livecodebench,livecodebench-3046,livecodebench/livecodebench-3046,base_representative,0.6178841432153199,0.67788414321532,easy,0.11618363168480927,0.9852941176470589,0.47794117647058826,0.83,18,0.8838163683151907,0.8333333333333334,0.3073181485764296,0.5534337410121912,0.27715806206848764,0.10291646332309046,2.0,36.0,20.0,True,False,False,False,False
55,representative_base,base_representative,mmmlu,mmmlu-ja-jp-00093,mmmlu/mmmlu-ja-jp-00093,base_representative,0.6144978622842907,0.6744978622842908,easy,0.10926417640989028,0.9924242424242424,0.5833333333333334,0.6266666666666667,19,0.8907358235901097,0.8508772105263158,0.3194235241988916,-0.0188227704432136,0.24426737362903683,0.14034934831366042,2.0,56.0,37.0,True,False,False,False,False
56,representative_base,base_representative,seal0,seal0-32,seal0/seal0-32,base_representative,0.6138720667236427,0.6738720667236426,medium,0.44743588461538464,1.0,0.05670103092783505,0.918918918918919,26,0.5525641153846154,0.5525641153846154,0.4033961713239162,0.4684000207101972,0.33129136131705467,0.1542863744178623,1.0,92.0,27.0,True,False,False,False,False
57,representative_base,base_representative;high_composite,lawbench,lawbench-3-7-11-zero-shot,lawbench/lawbench-3-7-11-zero-shot,base_representative;high_composite,0.6069978038830186,0.6669978038830187,easy,0.2613245488654079,1.0,0.16666666666666666,1.0,16,0.7386754511345921,0.6653125,0.4511425382778152,0.1573643877379961,0.43674795541921646,0.0022158201478129635,1.0,151.0,25.0,True,False,False,False,True
58,representative_base,base_representative,simpleqa,simpleqa-2958,simpleqa/simpleqa-2958,base_representative,0.6023679355709732,0.6623679355709733,easy,0.19347174228389297,0.995,0.28,0.905,20,0.806528257716107,0.75,0.3993745109543171,0.5323641347907465,0.35188369373031786,0.04828431532217681,2.0,145.0,39.0,True,False,False,False,False
59,representative_base,base_representative,lawbench,lawbench-3-4-1-one-shot,lawbench/lawbench-3-4-1-one-shot,base_representative,0.5748136585742283,0.6348136585742283,medium,0.30201399586842925,0.9944444444444445,0.008333333333333333,0.994475138121547,16,0.6979860041315707,0.631892,0.4284051411305949,0.135380847552177,0.41335476097334806,0.00028835060822030023,2.0,179.0,47.0,True,False,False,False,False
60,representative_base,base_representative,aime,aime_i-12,aime/aime_i-12,base_representative,0.5742969695284282,0.6342969695284282,easy,0.2088545447803798,1.0,0.15833333333333333,0.8833333333333333,20,0.7911454552196202,0.73,0.3648287269390939,0.5592651386327558,0.33223323720831366,0.0774066353643802,1.0,51.0,16.0,True,False,False,False,False
61,representative_base,base_representative,qcircuitbench,qcircuitbench-diffusion_operator-n7,qcircuitbench/qcircuitbench-diffusion_operator-n7,base_representative,0.5736500502696718,0.6336500502696718,easy,0.2612668677453539,0.6666666666666666,0.5,1.0,20,0.7387331322546461,0.71,0.3604164258188019,0.6433516949745077,0.11342651041662706,0.5260534258533176,2.0,3.0,3.0,True,False,False,False,False
62,representative_base,base_representative,medagentbench,medagentbench-task2_5,medagentbench/medagentbench-task2_5,base_representative,0.5643328593219341,0.6243328593219342,easy,0.23648636686520164,1.0,0.14084507042253522,0.8,20,0.7635136331347984,0.75,0.3278719262151,0.3213537436739859,0.29497480251404334,0.05616437268623653,1.0,62.0,21.0,True,False,False,False,False
63,representative_base,base_representative,swebench-verified,swebench-verified-sphinx-doc__sphinx-8120,swebench-verified/swebench-verified-sphinx-doc__sphinx-8120,base_representative,0.5634427296013389,0.623442729601339,easy,0.17710425173868893,1.0,0.16666666666666666,0.85,20,0.8228957482613111,0.7700000000000001,0.3861346915261564,0.5409749421437674,0.3306614605453694,0.04704373665815276,1.0,9.0,3.0,True,False,False,False,False
64,representative_base,base_representative;high_composite,swebench-multilingual,swebench-multilingual-jqlang__jq-2658,swebench-multilingual/swebench-multilingual-jqlang__jq-2658,base_representative;high_composite,0.5534382800572598,0.6134382800572598,easy,0.15610606140550998,1.0,0.1843137254901961,0.7888888888888889,13,0.84389393859449,0.6923076923076923,0.4615384615384615,0.3985138647443099,0.44148950930851844,1.100008972798605e-12,1.0,209.0,37.0,True,False,False,False,True
65,representative_base,base_representative,mmau,mmau-a6f1c137-3ac4-41a3-8875-620d3dcba65c,mmau/mmau-a6f1c137-3ac4-41a3-8875-620d3dcba65c,base_representative,0.5517040702142157,0.6117040702142158,easy,0.0678882223635876,0.9891304347826086,0.2391304347826087,0.8583583583583584,20,0.9321117776364124,0.9200000000000002,0.2227105745132008,0.4373048702038818,0.21367793471954538,0.030389833936343535,2.0,71.0,41.0,True,False,False,False,False
66,representative_base,base_representative;high_composite,swebench-multilingual,swebench-multilingual-php-cs-fixer__php-cs-fixer-7523,swebench-multilingual/swebench-multilingual-php-cs-fixer__php-cs-fixer-7523,base_representative;high_composite,0.5496147406054047,0.6096147406054047,easy,0.15610602124514827,0.996078431372549,0.17450980392156862,0.7888888888888889,13,0.8438939787548517,0.6923076923076923,0.4615384615384615,0.398513740929841,0.44148947753133727,4.3010039973978564e-13,2.0,212.0,40.0,True,False,False,False,True
67,representative_base,base_representative,mmau,mmau-b4180fa8-96a9-4211-8059-d03d65eb2f04,mmau/mmau-b4180fa8-96a9-4211-8059-d03d65eb2f04,base_representative,0.5393677279301323,0.5993677279301324,easy,0.061635946320346746,1.0,0.17391304347826086,0.8698698698698699,20,0.9383640536796533,0.92,0.2481934729198171,0.4575228182447863,0.2150734739659008,0.012810958707622166,1.0,77.0,47.0,True,False,False,False,False
68,representative_base,base_representative,bfcl,bfcl-live-multiple-404-140-0,bfcl/bfcl-live-multiple-404-140-0,base_representative,0.5363256549232158,0.5963256549232159,easy,0.10000000000000009,0.9907407407407407,0.2777777777777778,0.6341463414634146,26,0.8999999999999999,0.8999999999999999,0.2166173513896726,0.4888868487685254,0.16292373941942587,0.11013615394424936,2.0,79.0,33.0,True,False,False,False,False
69,representative_base,base_representative,crustbench,crustbench-libbeaufort,crustbench/crustbench-libbeaufort,base_representative,0.5355381319337996,0.5955381319337996,easy,0.16248586106853158,0.9895833333333334,0.15625,0.73,22,0.8375141389314684,0.8090909090909091,0.3642041022547296,0.7529115408499979,0.3251095968340193,0.015437369106790388,2.0,82.0,34.0,True,False,False,False,False
70,representative_base,base_representative,usaco,usaco-431,usaco/usaco-431,base_representative,0.5350864074569553,0.5950864074569553,easy,0.20586760784979952,0.989010989010989,0.13736263736263737,0.6875,20,0.7941323921502005,0.74,0.3954743986657038,0.5025307419794154,0.3699924973466729,0.013997890731325735,2.0,79.0,23.0,True,False,False,False,False
71,representative_base,base_representative,swe-lancer,swe-lancer-18658-manager-0,swe-lancer/swe-lancer-18658-manager-0,base_representative,0.5123497343300022,0.5723497343300021,easy,0.13106560398667555,0.9166666666666666,0.125,0.85,17,0.8689343960133245,0.7999999999999999,0.2743977362280141,0.6739531228832224,0.1422792107447899,0.12159670761238428,2.0,12.0,7.0,True,False,False,False,False
72,representative_base,base_representative,bigcodebench,bigcodebench_139,bigcodebench/bigcodebench_139,base_representative,0.5070883992160057,0.5670883992160056,easy,0.07757862556666317,1.0,0.16346153846153846,0.6455223880597015,13,0.9224213744333368,0.8461538461538461,0.3608012122941099,0.3092444418528194,0.2801939120824848,3.0133002553389687e-05,1.0,44.0,33.0,True,False,False,False,False
73,representative_base,base_representative,usaco,usaco-940,usaco/usaco-940,base_representative,0.5054245917496216,0.5654245917496217,easy,0.1552148505149702,1.0,0.016483516483516484,0.75,19,0.8447851494850298,0.7894736842105263,0.4076824574955175,0.4832822119598164,0.3758181378081268,8.82112833822113e-06,1.0,91.0,33.0,True,False,False,False,False
74,representative_base,base_representative,swebench-verified,swebench-verified-django__django-12209,swebench-verified/swebench-verified-django__django-12209,base_representative,0.4930981867147629,0.5530981867147629,easy,0.17728163574794076,0.8888888888888888,0.16666666666666666,0.64,20,0.8227183642520592,0.77,0.3303028912982749,0.6168385994058408,0.3038680610035654,0.04704373665815276,2.0,8.0,6.0,True,False,False,False,False
75,representative_base,base_representative,bigcodebench,bigcodebench_308,bigcodebench/bigcodebench_308,base_representative,0.48844228033448045,0.5484422803344804,easy,0.07693215233677375,0.9807692307692307,0.16346153846153846,0.5671641791044776,20,0.9230678476632262,0.9,0.3,0.3096000926095988,0.233094535799091,3.0133002553389687e-05,2.0,45.0,35.0,True,False,False,False,False
76,representative_base,base_representative,compilebench,compilebench-jq,compilebench/compilebench-jq,base_representative,0.4432723665210529,0.5032723665210529,saturated,0.023089466084211585,0.5,0.75,0.5,20,0.9769105339157884,0.97,0.0714142842854284,0.6674622777457901,0.037476070620996095,0.4752300468179188,2.0,2.0,2.0,True,False,False,False,False
77,diverse_fill,difficult;unique_unpredictable;high_composite,featurebench-modal,featurebench-modal-mwaskom__seaborn.7001ebe7.test_statistics.0f2ae277.lv1,featurebench-modal/featurebench-modal-mwaskom__seaborn.7001ebe7.test_statistics.0f2ae277.lv1,difficult;unique_unpredictable;high_composite,0.8467570733863838,0.9267570733863839,hard,0.7403846153846154,0.9137931034482759,0.8333333333333334,0.89,26,0.2596153846153846,0.2596153846153846,0.4038324173487997,0.4075721844760815,0.2810722936119951,0.24598176091709167,16.0,30.0,1.0,False,True,False,True,True
78,diverse_fill,unique_unpredictable;high_composite,bfcl,bfcl-live-simple-123-79-0,bfcl/bfcl-live-simple-123-79-0,unique_unpredictable;high_composite,0.8707099923563338,0.9107099923563339,medium,0.676923076923077,0.9814814814814815,0.8611111111111112,0.9512195121951219,26,0.3230769230769231,0.3230769230769231,0.3964338069761577,0.4697784585254002,0.15997755749494183,0.40410612972877247,3.0,16.0,1.0,False,False,False,True,True
79,diverse_fill,unique_unpredictable;high_composite,arc-agi-2,arc-agi-2-bf45cf4b_0,arc-agi-2/arc-agi-2-bf45cf4b_0,unique_unpredictable;high_composite,0.8500595841343367,0.8900595841343367,medium,0.6126213152607511,0.8829787234042553,0.9574468085106383,0.99,20,0.3873786847392488,0.4024999999999999,0.4279237665753095,0.7254505951750109,0.3610569353035037,0.0760746414918898,12.0,5.0,1.0,False,False,False,True,True
80,diverse_fill,unique_unpredictable;high_composite,gpqa-diamond,gpqa-diamond-142,gpqa-diamond/gpqa-diamond-142,unique_unpredictable;high_composite,0.8439253653792665,0.8839253653792666,medium,0.5509483120448158,0.9887640449438202,0.8707865168539326,0.9494949494949495,19,0.4490516879551842,0.4447368421052631,0.4106781095886301,0.640575934489225,0.29412715939664114,0.27753677715905467,3.0,24.0,1.0,False,False,False,True,True
81,diverse_fill,difficult;high_composite,arc-agi-2,arc-agi-2-58490d8a_0,arc-agi-2/arc-agi-2-58490d8a_0,difficult;high_composite,0.8371528588939086,0.8771528588939086,hard,0.7366539887671236,0.9361702127659575,0.7553191489361702,0.91,20,0.2633460112328764,0.29,0.4023679907746142,0.6419610658272573,0.3783454257568726,0.016070444826777663,7.0,24.0,2.0,False,True,False,False,True
82,diverse_fill,difficult;unique_unpredictable;high_composite,algotune,algotune-cyclic-independent-set,algotune/algotune-cyclic-independent-set,difficult;unique_unpredictable;high_composite,0.7948393226972725,0.8748393226972726,hard,0.8613197727515718,0.6428571428571429,0.8492063492063492,0.948051948051948,25,0.1386802272484282,0.1441629801863656,0.3303266699511998,0.1350839242161414,0.10950694169760229,0.409501571813639,46.0,20.0,3.0,False,True,False,True,True
83,diverse_fill,difficult;high_composite,arc-agi-2,arc-agi-2-16de56c4_0,arc-agi-2/arc-agi-2-16de56c4_0,difficult;high_composite,0.830034345194809,0.870034345194809,hard,0.8062650403537043,0.8723404255319149,0.776595744680851,0.86,20,0.1937349596462957,0.2,0.3794733192202055,0.6754211656491195,0.3602269190456039,0.020281380918698133,13.0,22.0,3.0,False,True,False,False,True
84,diverse_fill,difficult;frontier_with_variance;unique_unpredictable,qcircuitbench,qcircuitbench-universal_2-n9,qcircuitbench/qcircuitbench-universal_2-n9,difficult;frontier_with_variance;unique_unpredictable,0.7421091320876286,0.8621091320876287,frontier,0.981769861683848,0.3333333333333333,1.0,0.8666666666666667,20,0.0182301383161519,0.02303555,0.0874851685272852,0.2219245390002314,0.019791123066349187,0.6539967127496,3.0,1.0,2.0,False,True,True,True,False
85,diverse_fill,difficult;high_composite,featurebench-modal,featurebench-modal-huggingface__transformers.e2e8dbed.test_processing_wav2vec2.4f660c78.lv1,featurebench-modal/featurebench-modal-huggingface__transformers.e2e8dbed.test_processing_wav2vec2.4f660c78.lv1,difficult;high_composite,0.8146817893090534,0.8546817893090535,hard,0.7365317549373636,0.9712643678160919,0.6494252873563219,0.855,25,0.2634682450626364,0.2739999999999999,0.3860362677262332,0.6528384639055986,0.3212002415135335,0.13952911603923468,6.0,62.0,4.0,False,True,False,False,True
86,diverse_fill,unique_unpredictable;high_composite,featurebench-modal,featurebench-modal-mlflow__mlflow.93dab383.test_databricks_adapter.3b72f337.lv1,featurebench-modal/featurebench-modal-mlflow__mlflow.93dab383.test_databricks_adapter.3b72f337.lv1,unique_unpredictable;high_composite,0.8139205999855926,0.8539205999855927,medium,0.6316594114366239,0.867816091954023,0.8390804597701149,0.95,25,0.3683405885633761,0.38266668,0.4258450511316735,0.6192598175951961,0.27450940679060126,0.25036589277268306,24.0,29.0,5.0,False,False,False,True,True
87,diverse_fill,difficult;high_composite,algotune,algotune-edge-expansion,algotune/algotune-edge-expansion,difficult;high_composite,0.8114169620217699,0.85141696202177,hard,0.7090156114348432,0.9523809523809523,0.6111111111111112,0.987012987012987,25,0.2909843885651568,0.3025223394145642,0.3480312417652621,0.3700398582177814,0.20150281675196247,0.3234957911421079,7.0,50.0,2.0,False,True,False,False,True
88,diverse_fill,difficult;unique_unpredictable;high_composite,mmmlu,mmmlu-es-la-00045,mmmlu/mmmlu-es-la-00045,difficult;unique_unpredictable;high_composite,0.7639949877755591,0.8439949877755591,hard,0.809586011708297,0.6818181818181818,0.8598484848484849,0.72,18,0.190413988291703,0.2722222777777777,0.3658661893623595,-0.2884137578874748,0.15290017643755022,0.3152408354519778,43.0,19.0,2.0,False,True,False,True,True
89,diverse_fill,difficult;unique_unpredictable;high_composite,algotune,algotune-eigenvalues-real,algotune/algotune-eigenvalues-real,difficult;unique_unpredictable;high_composite,0.7629687262065226,0.8429687262065226,hard,0.7465357994869851,0.6666666666666666,0.8888888888888888,0.8051948051948052,17,0.2534642005130149,0.2597303459774727,0.2729991402258803,0.1433376421739369,0.11467332482023952,0.4294676563974117,43.0,15.0,5.0,False,True,False,True,True
90,diverse_fill,difficult;unique_unpredictable;high_composite,aider-polyglot,polyglot_go_forth,aider-polyglot/polyglot_go_forth,difficult;unique_unpredictable;high_composite,0.753,0.8330000000000001,medium,0.7,0.7052631578947368,0.8526315789473684,0.7866666666666666,26,0.3,0.3,0.3971049076658556,0.546107929198904,0.2521418759377299,0.23661794085492183,57.0,29.0,4.0,False,True,False,True,True
91,diverse_fill,difficult;unique_unpredictable;high_composite,bfcl,bfcl-live-multiple-196-88-0,bfcl/bfcl-live-multiple-196-88-0,difficult;unique_unpredictable;high_composite,0.7501233409769995,0.8301233409769996,hard,0.7230769230769232,0.6666666666666666,0.8148148148148148,0.8821138211382114,26,0.2769230769230769,0.2769230769230769,0.3640664481907456,0.3854304037945755,0.08088071108108409,0.3744965941582793,37.0,21.0,8.0,False,True,False,True,True
92,diverse_fill,difficult;unique_unpredictable;high_composite,mmmlu,mmmlu-bn-bd-00015,mmmlu/mmmlu-bn-bd-00015,difficult;unique_unpredictable;high_composite,0.7499933708444397,0.8299933708444398,hard,0.7843674227716984,0.5606060606060606,0.9507575757575758,0.8,18,0.2156325772283017,0.3101851666666666,0.3867057316278174,-0.5874890269861405,0.13708418842039055,0.3977973976067146,59.0,7.0,5.0,False,True,False,True,True
93,diverse_fill,unique_unpredictable;high_composite,livecodebench,livecodebench-3308,livecodebench/livecodebench-3308,unique_unpredictable;high_composite,0.7896116936213136,0.8296116936213136,medium,0.6242114803676075,0.7794117647058824,0.8970588235294118,0.91,18,0.3757885196323925,0.4259259444444445,0.3843473910534687,-0.6871603730678109,0.18805981617214101,0.33715087965164203,16.0,8.0,3.0,False,False,False,True,True
94,diverse_fill,unique_unpredictable;high_composite,usaco,usaco-436,usaco/usaco-436,unique_unpredictable;high_composite,0.7892784758357095,0.8292784758357096,medium,0.4751084088373435,0.8131868131868132,0.9560439560439561,0.9791666666666666,19,0.5248915911626565,0.4868421052631579,0.4541742377404808,0.4307733316802861,0.3504941763568731,0.20118127218911086,18.0,5.0,1.0,False,False,False,True,True
95,diverse_fill,unique_unpredictable;high_composite,kumo,kumo-vehicleenv-t4-a6-v1-s1,kumo/kumo-vehicleenv-t4-a6-v1-s1,unique_unpredictable;high_composite,0.7856678833634456,0.8256678833634457,medium,0.3323254132488592,0.9536423841059603,0.9205298013245033,0.9245283018867925,20,0.6676745867511408,0.65083335,0.334060715497838,0.6277105563806105,0.21174132223870812,0.3706418826473661,8.0,13.0,1.0,False,False,False,True,True
96,diverse_fill,difficult;high_composite,mmmlu,mmmlu-pt-br-00113,mmmlu/mmmlu-pt-br-00113,difficult;high_composite,0.7855399576230263,0.8255399576230263,hard,0.7610689214011961,0.7727272727272727,0.7272727272727273,0.9533333333333334,14,0.2389310785988039,0.3571428571428571,0.4791574237499548,0.2033770924478436,0.1774575341892402,0.24178350798671278,31.0,37.0,1.0,False,True,False,False,True
97,diverse_fill,difficult;unique_unpredictable;high_composite,gaia,gaia-b415aba4-4b68-4fc6-9b89-2c812e55a3e1,gaia/gaia-b415aba4-4b68-4fc6-9b89-2c812e55a3e1,difficult;unique_unpredictable;high_composite,0.7420660991152994,0.8220660991152995,hard,0.7929824632045811,0.6582278481012658,0.810126582278481,0.7393939393939394,20,0.2070175367954189,0.2475,0.3699577678600625,0.2483878171576996,0.22449627230229724,0.2814317690331707,55.0,31.0,1.0,False,True,False,True,True
98,diverse_fill,difficult;unique_unpredictable;high_composite,kumo,kumo-wildlifeenv-t4-a6-v1-s0,kumo/kumo-wildlifeenv-t4-a6-v1-s0,difficult;unique_unpredictable;high_composite,0.7398572840281663,0.8198572840281664,hard,0.7261416189316081,0.5364238410596026,0.9105960264900662,0.9528301886792453,19,0.2738583810683919,0.2675438421052631,0.3712817220292093,0.6483484284115288,0.10031947953935379,0.36202251149497056,71.0,15.0,4.0,False,True,False,True,True
99,diverse_fill,unique_unpredictable;high_composite,kumo,kumo-mythicalcreatureenv-t4-a6-v1-s0,kumo/kumo-mythicalcreatureenv-t4-a6-v1-s0,unique_unpredictable;high_composite,0.7788199949063574,0.8188199949063575,medium,0.391320214537338,0.8278145695364238,0.9735099337748344,0.9858490566037735,17,0.608679785462662,0.5588235882352942,0.4039882074289471,0.6374914913524234,0.17455461782830617,0.4533989398640861,27.0,5.0,2.0,False,False,False,True,True
100,diverse_fill,difficult;high_composite,bfcl,bfcl-live-multiple-563-155-3,bfcl/bfcl-live-multiple-563-155-3,difficult;high_composite,0.7777903724550066,0.8177903724550066,hard,0.8153846153846154,0.7777777777777778,0.6898148148148148,0.8617886178861789,26,0.1846153846153846,0.1846153846153846,0.3504857153813698,0.0286914977864034,0.0935109225899191,0.30730886728858997,25.0,35.0,3.0,False,True,False,False,True
101,diverse_fill,unique_unpredictable;high_composite,simpleqa,simpleqa-3796,simpleqa/simpleqa-3796,unique_unpredictable;high_composite,0.7752042658074222,0.8152042658074222,medium,0.32781706322968884,0.96,0.835,0.99,20,0.6721829367703112,0.6,0.4381780460041329,0.5006278003461043,0.3303929481486046,0.1741759915148854,9.0,34.0,1.0,False,False,False,True,True
102,diverse_fill,difficult;unique_unpredictable;high_composite,spider2,spider2-google_play002,spider2/spider2-google_play002,difficult;unique_unpredictable;high_composite,0.7348607273960577,0.8148607273960577,hard,0.7388476714889929,0.65625,0.84375,0.7301587301587301,17,0.2611523285110071,0.360784294117647,0.4404743881113747,0.5393358800718546,0.30299326328610543,0.28476385239031987,12.0,6.0,3.0,False,True,False,True,True
103,diverse_fill,unique_unpredictable;high_composite,livecodebench,livecodebench-abc343_a,livecodebench/livecodebench-abc343_a,unique_unpredictable;high_composite,0.764193296211826,0.804193296211826,medium,0.6995967142590684,0.7058823529411765,0.8529411764705882,0.86,18,0.3004032857409315,0.3,0.3415650255319866,0.6162823869788856,0.15854087289074054,0.299385711144623,21.0,11.0,5.0,False,False,False,True,True
104,diverse_fill,difficult;high_composite,bigcodebench,bigcodebench_310,bigcodebench/bigcodebench_310,difficult;high_composite,0.7639664409525326,0.8039664409525327,hard,0.7765603677136899,0.7307692307692307,0.7211538461538461,0.8917910447761194,14,0.2234396322863102,0.3571428571428571,0.4791574237499548,0.1628826051201403,0.11191121023839135,0.5006345881738995,15.0,16.0,1.0,False,True,False,False,True
105,diverse_fill,unique_unpredictable;high_composite,gpqa-diamond,gpqa-diamond-115,gpqa-diamond/gpqa-diamond-115,unique_unpredictable;high_composite,0.7569618010322612,0.7969618010322612,medium,0.4744934417865182,0.7415730337078652,1.0,0.8585858585858586,20,0.5255065582134818,0.53166665,0.3730467887693546,0.3134169595864478,0.13890388888782146,0.5208189436068513,47.0,1.0,2.0,False,False,False,True,True
106,diverse_fill,unique_unpredictable;high_composite,simpleqa,simpleqa-140,simpleqa/simpleqa-140,unique_unpredictable;high_composite,0.7566460369534896,0.7966460369534897,medium,0.39658414781395857,0.88,0.81,0.98,20,0.6034158521860414,0.5599999999999999,0.4270831300812524,0.617530103599436,0.3113002987410641,0.16660561929366458,25.0,39.0,2.0,False,False,False,True,True
107,diverse_fill,unique_unpredictable;high_composite,gpqa-diamond,gpqa-diamond-30,gpqa-diamond/gpqa-diamond-30,unique_unpredictable;high_composite,0.7559165797556293,0.7959165797556293,medium,0.532280551232255,0.7808988764044944,0.8314606741573034,0.9444444444444444,20,0.467719448767745,0.45833335,0.410673574414312,0.5654347457241822,0.14438116632565035,0.2651184245546905,40.0,31.0,3.0,False,False,False,True,True
108,diverse_fill,high_composite,livecodebench,livecodebench-arc182_e,livecodebench/livecodebench-arc182_e,high_composite,0.7953237346237322,0.7953237346237322,medium,0.46364787967139953,0.9558823529411765,0.7794117647058824,1.0,15,0.5363521203286005,0.5,0.4830458915396479,0.5295954087785928,0.2655773566584602,0.21432460955194665,4.0,16.0,2.0,False,False,False,False,True
109,diverse_fill,unique_unpredictable;high_composite,bigcodebench,bigcodebench_1013,bigcodebench/bigcodebench_1013,unique_unpredictable;high_composite,0.754558939293915,0.7945589392939151,medium,0.36794873076923074,0.9423076923076923,0.8653846153846154,0.7761194029850746,26,0.6320512692307693,0.6320512692307693,0.4166903438243169,0.3573733833769626,0.19737093102234848,0.5505022496987717,4.0,8.0,2.0,False,False,False,True,True
110,diverse_fill,unique_unpredictable;high_composite,aime,aime_i-13,aime/aime_i-13,unique_unpredictable;high_composite,0.7531506895551789,0.793150689555179,medium,0.33926942488738276,0.8833333333333333,0.8666666666666667,0.95,19,0.6607305751126172,0.6,0.3893314107138301,0.7072402158468798,0.2501035210502801,0.2432979197145918,8.0,9.0,1.0,False,False,False,True,True
111,diverse_fill,high_composite,aider-polyglot,polyglot_python_rest-api,aider-polyglot/polyglot_python_rest-api,high_composite,0.7906012145748988,0.7906012145748988,medium,0.5846153846153848,0.9578947368421052,0.6447368421052632,0.9866666666666667,26,0.4153846153846153,0.4153846153846153,0.4638404132825026,0.6522679953797392,0.3445901575112152,0.15265643110097737,9.0,69.0,1.0,False,False,False,False,True
112,diverse_fill,unique_unpredictable;high_composite,aider-polyglot,polyglot_javascript_food-chain,aider-polyglot/polyglot_javascript_food-chain,unique_unpredictable;high_composite,0.7452756410256409,0.785275641025641,medium,0.5557692307692308,0.7842105263157895,0.8421052631578947,0.8088888888888889,26,0.4442307692307692,0.4442307692307692,0.40342927201034,0.3747772127094826,0.27539524125999904,0.23422429895915786,42.0,31.0,5.0,False,False,False,True,True
113,diverse_fill,difficult;high_composite,replicationbench,replicationbench-hubble_trails__classifier_performance,replicationbench/replicationbench-hubble_trails__classifier_performance,difficult;high_composite,0.7441663406228187,0.7841663406228188,hard,0.8074345932605056,0.8717948717948718,0.44871794871794873,0.8333333333333334,16,0.1925654067394944,0.2468749999999999,0.3731072022555984,0.6524030608894215,0.3275289908804943,0.0797769098462785,11.0,44.0,5.0,False,True,False,False,True
114,diverse_fill,difficult;unique_unpredictable;high_composite,swe-lancer,swe-lancer-43022-manager-0,swe-lancer/swe-lancer-43022-manager-0,difficult;unique_unpredictable;high_composite,0.7036493300233595,0.7836493300233596,hard,0.8979306534267709,0.3333333333333333,1.0,0.75,17,0.1020693465732291,0.1558823529411765,0.2622764330542112,-0.1767168441106928,0.0498227189265636,0.6316644711760506,9.0,1.0,3.0,False,True,False,True,True
115,diverse_fill,difficult;high_composite,labbench,labbench-figqa-0003,labbench/labbench-figqa-0003,difficult;high_composite,0.7407313693548481,0.7807313693548481,hard,0.7877228991505161,0.9388888888888889,0.2972222222222222,0.9392265193370166,13,0.2122771008494839,0.3384615384615384,0.43947251867956,0.5806129508042451,0.39286907448145003,0.0463989536963243,12.0,127.0,1.0,False,True,False,False,True
116,diverse_fill,difficult;high_composite,reasoning-gym,reasoning-gym-algorithmic-game-of-life-hard0292e21f-seed45-0,reasoning-gym/reasoning-gym-algorithmic-game-of-life-hard0292e21f-seed45-0,difficult;high_composite,0.7403526452049733,0.7803526452049734,hard,0.8543173268516396,0.7301587301587301,0.6150793650793651,0.7829861111111112,12,0.1456826731483604,0.2716666666666666,0.4096712774354037,0.3972308597957301,0.1708390103402904,0.22218005807347374,35.0,49.0,2.0,False,True,False,False,True
117,diverse_fill,difficult;high_composite,replicationbench,replicationbench-gw_nsbh__mass_gap_constraint,replicationbench/replicationbench-gw_nsbh__mass_gap_constraint,difficult;high_composite,0.7385616789428278,0.7785616789428278,hard,0.7491185106431058,0.9230769230769231,0.34615384615384615,0.9444444444444444,17,0.2508814893568942,0.3205882352941177,0.4112601951282008,0.6053003184388852,0.357126426515355,0.0448279974950464,7.0,52.0,6.0,False,True,False,False,True
118,diverse_fill,high_composite,medagentbench,medagentbench-task9_11,medagentbench/medagentbench-task9_11,high_composite,0.7776083381931586,0.7776083381931586,medium,0.45409532460362023,0.9154929577464789,0.7746478873239436,1.0,20,0.5459046753963798,0.53,0.4255584566190643,0.5001594557641499,0.2643469348816399,0.17463095646331284,7.0,17.0,1.0,False,False,False,False,True
119,diverse_fill,difficult;high_composite,replicationbench,replicationbench-bayes_cal__cold_hot_tandem,replicationbench/replicationbench-bayes_cal__cold_hot_tandem,difficult;high_composite,0.7369536656982447,0.7769536656982448,hard,0.800635175613492,0.782051282051282,0.5256410256410257,0.8777777777777778,16,0.1993648243865081,0.2,0.3872983346207417,0.5462102383196664,0.3118968012665249,0.09832179447184175,18.0,38.0,7.0,False,True,False,False,True
120,diverse_fill,unique_unpredictable;high_composite,aime,aime_ii-14,aime/aime_ii-14,unique_unpredictable;high_composite,0.7344669785361985,0.7744669785361985,easy,0.22120124747812697,0.9166666666666666,0.8333333333333334,1.0,19,0.778798752521873,0.7131578947368421,0.3959804970154723,0.2159282805958085,0.25696707802135327,0.24215198540606164,6.0,11.0,2.0,False,False,False,True,True
121,diverse_fill,difficult;high_composite,swtbench,swtbench-sphinx-doc__sphinx-8475,swtbench/swtbench-sphinx-doc__sphinx-8475,difficult;high_composite,0.7335551097094456,0.7735551097094456,hard,0.8867332593506028,0.6153846153846154,0.717948717948718,0.78,12,0.1132667406493972,0.2333333333333333,0.334995854037363,0.1424145664349549,0.16702485748138982,0.30058626193681437,16.0,12.0,1.0,False,True,False,False,True
122,diverse_fill,high_composite,spider2,spider2-f1002,spider2/spider2-f1002,high_composite,0.7727022922354012,0.7727022922354012,medium,0.6555413117987479,0.84375,0.796875,0.7619047619047619,16,0.3444586882012522,0.4125,0.4442338910979215,0.4361580445378343,0.35680091998750013,0.25103879805074303,6.0,7.0,2.0,False,False,False,False,True
123,diverse_fill,difficult;high_composite,swtbench,swtbench-sphinx-doc__sphinx-9673,swtbench/swtbench-sphinx-doc__sphinx-9673,difficult;high_composite,0.729957106703422,0.769957106703422,hard,0.7510079139931751,0.8205128205128205,0.5641025641025641,0.76,12,0.2489920860068249,0.3,0.3316624790355399,0.1473382153726774,0.19609367169744815,0.22080216320621315,8.0,18.0,2.0,False,True,False,False,True
124,diverse_fill,unique_unpredictable;high_composite,usaco,usaco-1328,usaco/usaco-1328,unique_unpredictable;high_composite,0.7243371351806829,0.7643371351806829,medium,0.3848485407227311,0.7692307692307693,0.9230769230769231,0.8541666666666666,19,0.6151514592772689,0.5789473684210527,0.4187785952622359,0.3782971640907938,0.34757129069367443,0.1601797012695262,22.0,8.0,4.0,False,False,False,True,True
125,diverse_fill,difficult;frontier_with_variance;unique_unpredictable,gso,gso-pydantic--pydantic-addf1f9,gso/gso-pydantic--pydantic-addf1f9,difficult;frontier_with_variance;unique_unpredictable,0.6426328782822576,0.7626328782822577,frontier,0.9793550425407949,0.25,1.0,0.4019607843137255,12,0.0206449574592051,0.0416666666666666,0.1381926995981416,0.2232602880869878,0.022204621144995832,0.8107423073133339,4.0,1.0,2.0,False,True,True,True,False
126,diverse_fill,difficult;unique_unpredictable;high_composite,mmau,mmau-76c2a626-7e3c-4f2f-ad20-b07cd0890302,mmau/mmau-76c2a626-7e3c-4f2f-ad20-b07cd0890302,difficult;unique_unpredictable;high_composite,0.6822471388331744,0.7622471388331745,hard,0.8272912058092612,0.2717391304347826,0.9891304347826086,0.8868868868868869,20,0.1727087941907388,0.2225,0.3026858932953434,0.0368369235078174,0.05755351849596671,0.47153665611739626,68.0,2.0,1.0,False,True,False,True,True
127,diverse_fill,high_composite,reasoning-gym,reasoning-gym-arithmetic-leg-counting-hard0292e21f-seed45-2,reasoning-gym/reasoning-gym-arithmetic-leg-counting-hard0292e21f-seed45-2,high_composite,0.7603656191110282,0.7603656191110282,medium,0.5225636669203033,0.9523809523809523,0.6428571428571429,0.9045138888888888,20,0.4774363330796967,0.47,0.4439594576084623,0.673184267875044,0.2832487502415685,0.22537853714149825,7.0,46.0,1.0,False,False,False,False,True
128,diverse_fill,high_composite,crustbench,crustbench-2dpartint,crustbench/crustbench-2dpartint,high_composite,0.7597097780091995,0.7597097780091995,medium,0.4992557787034646,0.8645833333333334,0.7291666666666666,1.0,25,0.5007442212965354,0.504,0.4529724053405461,0.7000561024348696,0.30717979218809244,0.17379049653971945,14.0,27.0,1.0,False,False,False,False,True
129,diverse_fill,difficult;unique_unpredictable;high_composite,bixbench,bix-10-q2,bixbench/bix-10-q2,difficult;unique_unpredictable;high_composite,0.669020437640247,0.7490204376402471,hard,0.7615554347715141,0.3684210526315789,0.8947368421052632,0.84,20,0.2384445652284859,0.26,0.3231098884280702,-0.2971432650663812,0.06657667943267882,0.4802505899640124,25.0,5.0,6.0,False,True,False,True,True
130,diverse_fill,difficult;high_composite,gaia,gaia-dc22a632-937f-4e6a-b72f-ba0ff3f5ff97,gaia/gaia-dc22a632-937f-4e6a-b72f-ba0ff3f5ff97,difficult;high_composite,0.7064582176837183,0.7464582176837183,hard,0.7697454138879225,0.9810126582278481,0.17721518987341772,0.8424242424242424,20,0.2302545861120775,0.2475,0.3909843347245513,0.6542663358590193,0.3123076517431898,0.07705967614641951,4.0,131.0,8.0,False,True,False,False,True
131,diverse_fill,high_composite,crustbench,crustbench-satc,crustbench/crustbench-satc,high_composite,0.7463640633945023,0.7463640633945023,medium,0.42278958691134294,0.9270833333333334,0.71875,0.91,22,0.5772104130886571,0.5545454545454546,0.4042133468257401,0.6959004095763565,0.31544243061482863,0.17142070590874292,8.0,28.0,2.0,False,False,False,False,True
132,diverse_fill,unique_unpredictable;high_composite,humanevalfix,humanevalfix-python-10,humanevalfix/humanevalfix-python-10,unique_unpredictable;high_composite,0.7042548832048395,0.7442548832048396,easy,0.09771639693085643,0.9428571428571428,0.8285714285714286,0.9512195121951219,20,0.9022836030691436,0.8800000000000001,0.2561249694973139,0.5765735825918142,0.2160042004730923,0.07195907337079555,3.0,7.0,2.0,False,False,False,True,True
133,diverse_fill,unique_unpredictable;high_composite,medagentbench,medagentbench-task1_27,medagentbench/medagentbench-task1_27,unique_unpredictable;high_composite,0.701179889337552,0.7411798893375521,medium,0.3645223742516166,0.8309859154929577,0.8028169014084507,0.79,20,0.6354776257483834,0.64,0.3261901286060018,0.5324632361391234,0.2570590077484273,0.17744357310110148,13.0,15.0,4.0,False,False,False,True,True
134,diverse_fill,high_composite,lawbench,lawbench-3-5-3-zero-shot,lawbench/lawbench-3-5-3-zero-shot,high_composite,0.7362481132718388,0.7362481132718388,medium,0.34493720446857057,0.9555555555555556,0.6722222222222223,0.9834254143646409,16,0.6550627955314294,0.576829625,0.4256024736226687,0.1225710764401213,0.3967267344246535,0.021187976442745282,9.0,60.0,1.0,False,False,False,False,True
135,diverse_fill,difficult;frontier_with_variance;unique_unpredictable;high_composite,mmau,mmau-31564584-4c55-4f17-b013-62afc898c135,mmau/mmau-31564584-4c55-4f17-b013-62afc898c135,difficult;frontier_with_variance;unique_unpredictable;high_composite,0.6157339169495416,0.7357339169495417,frontier,0.9749346232753825,0.08695652173913043,0.8695652173913043,0.8278278278278278,20,0.0250653767246175,0.0325,0.1003431612019474,-0.2864266455989552,0.009622623173027792,0.36832095704039425,85.0,13.0,15.0,False,True,True,True,True
136,diverse_fill,high_composite,swe-lancer,swe-lancer-26048-manager-0,swe-lancer/swe-lancer-26048-manager-0,high_composite,0.7290765869270611,0.7290765869270611,medium,0.667973014374911,0.8333333333333334,0.5416666666666666,0.9,17,0.332026985625089,0.3529411764705882,0.3727759886530555,0.5738353822939221,0.14087542013030666,0.3235601028032141,3.0,7.0,2.0,False,False,False,False,True
137,diverse_fill,difficult;high_composite,labbench,labbench-figqa-0076,labbench/labbench-figqa-0076,difficult;high_composite,0.6887936456437157,0.7287936456437157,hard,0.8222003652636289,0.6222222222222222,0.6972222222222222,0.6077348066298343,13,0.1777996347363711,0.2769230769230769,0.3724221057510832,0.4097730858592184,0.29912127357704915,0.11605435777500772,69.0,55.0,9.0,False,True,False,False,True
138,diverse_fill,difficult;high_composite,omnimath,omnimath_4119,omnimath/omnimath_4119,difficult;high_composite,0.6870461096514717,0.7270461096514718,hard,0.7380265438690448,0.6842105263157895,0.6052631578947368,0.745,25,0.2619734561309552,0.272,0.3747212297161718,0.3948876871930645,0.20270527284806397,0.3143365571707394,7.0,9.0,3.0,False,True,False,False,True
139,diverse_fill,unique_unpredictable,omnimath,omnimath_39,omnimath/omnimath_39,unique_unpredictable,0.6859099190283401,0.7259099190283401,medium,0.5326923076923078,0.631578947368421,0.8947368421052632,0.72,26,0.4673076923076922,0.4673076923076922,0.3433271336641763,0.2111481521880434,0.16068006348850644,0.4094843494843462,8.0,3.0,4.0,False,False,False,True,False
140,diverse_fill,difficult;unique_unpredictable;high_composite,lawbench,lawbench-1-1-22-zero-shot,lawbench/lawbench-1-1-22-zero-shot,difficult;unique_unpredictable;high_composite,0.6411542283054874,0.7211542283054875,hard,0.7568821065921156,0.3055555555555556,0.9722222222222222,0.6795580110497238,14,0.2431178934078843,0.3224833571428571,0.3635479885840593,0.4338340165667411,0.17800252745562917,0.24672209092769215,126.0,6.0,10.0,False,True,False,True,True
141,diverse_fill,high_composite,bixbench,bix-47-q2,bixbench/bix-47-q2,high_composite,0.7208892192284898,0.7208892192284898,medium,0.44039898217711704,0.8947368421052632,0.7105263157894737,0.8,20,0.559601017822883,0.5275000000000001,0.3096267914764483,0.8064005673320986,0.23424652274490615,0.33063883922680914,5.0,12.0,3.0,False,False,False,False,True
142,diverse_fill,unique_unpredictable;high_composite,seal0,seal0-92,seal0/seal0-92,unique_unpredictable;high_composite,0.6788903594315965,0.7188903594315965,medium,0.55,0.5463917525773195,0.8762886597938144,0.8738738738738738,26,0.45,0.45,0.3951901089630543,0.4933630630828143,0.1559668716984176,0.4406630950361533,45.0,13.0,3.0,False,False,False,True,True
143,diverse_fill,difficult;unique_unpredictable;high_composite,seal0,seal0-46,seal0/seal0-46,difficult;unique_unpredictable;high_composite,0.6346141311512742,0.7146141311512743,hard,0.7205128076923077,0.4536082474226804,0.9072164948453608,0.4594594594594595,26,0.2794871923076923,0.2794871923076923,0.2928021325454364,0.3834298647753731,0.11612048314751613,0.46340363622532754,54.0,10.0,16.0,False,True,False,True,True
144,diverse_fill,unique_unpredictable;high_composite,humanevalfix,humanevalfix-python-39,humanevalfix/humanevalfix-python-39,unique_unpredictable;high_composite,0.6585666893101265,0.6985666893101266,easy,0.06217616490601163,0.8,0.9142857142857143,0.8963414634146342,20,0.9378238350939884,0.92,0.1939071942966531,0.4375639040500887,0.18110793589869023,0.08784417548546031,8.0,4.0,4.0,False,False,False,True,True
145,diverse_fill,difficult;unique_unpredictable;high_composite,swebench-multilingual,swebench-multilingual-babel__babel-15445,swebench-multilingual/swebench-multilingual-babel__babel-15445,difficult;unique_unpredictable;high_composite,0.6131776583395487,0.6931776583395488,hard,0.7941485418549271,0.20392156862745098,0.8686274509803922,0.8407407407407408,15,0.2058514581450729,0.3466666666666667,0.4645667037382492,0.1772465532330524,0.14092817084128847,0.19945103699889954,204.0,34.0,4.0,False,True,False,True,True
146,diverse_fill,difficult;frontier_with_variance,gso,gso-pandas-dev--pandas-e7e3676,gso/gso-pandas-dev--pandas-e7e3676,difficult;frontier_with_variance,0.6112592746716352,0.6912592746716353,frontier,0.9862135692747758,0.625,0.375,0.3480392156862745,13,0.0137864307252242,0.0153846153846153,0.0532938710021193,0.4361581101022596,0.03739323326941696,0.0,3.0,4.0,4.0,False,True,True,False,False
147,diverse_fill,high_composite,ineqmath,ineqmath-61,ineqmath/ineqmath-61,high_composite,0.6881416475340955,0.6881416475340955,medium,0.3287570663268581,0.9047619047619048,0.6428571428571429,0.8571428571428571,20,0.6712429336731419,0.675,0.3389321466016465,0.0503938633659654,0.29215139024154,0.15575903921869938,3.0,9.0,1.0,False,False,False,False,True
148,diverse_fill,unique_unpredictable;high_composite,swebench-multilingual,swebench-multilingual-caddyserver__caddy-5995,swebench-multilingual/swebench-multilingual-caddyserver__caddy-5995,unique_unpredictable;high_composite,0.6409951328422742,0.6809951328422742,medium,0.4443073287547179,0.4392156862745098,0.9058823529411765,0.9981481481481481,14,0.5556926712452821,0.5,0.5,0.5545356660356355,0.32295056695771934,0.23494308483194914,144.0,25.0,1.0,False,False,False,True,True
149,diverse_fill,difficult;frontier_with_variance;unique_unpredictable,swebench-verified,swebench-verified-matplotlib__matplotlib-26208,swebench-verified/swebench-verified-matplotlib__matplotlib-26208,difficult;frontier_with_variance;unique_unpredictable,0.5555545609211141,0.6755545609211142,frontier,0.964662688128901,0.1111111111111111,1.0,0.17,20,0.035337311871099,0.03,0.0953939201416945,0.3694433574497917,0.017410578019821165,0.6778610109326475,9.0,1.0,4.0,False,True,True,True,False
150,diverse_fill,unique_unpredictable;high_composite,swebench-verified,swebench-verified-django__django-16100,swebench-verified/swebench-verified-django__django-16100,unique_unpredictable;high_composite,0.6209737118334,0.6609737118334,medium,0.3432281806669336,0.5555555555555556,0.8888888888888888,0.79,20,0.6567718193330664,0.63,0.3648287269390939,0.4949132072715013,0.23669256304512654,0.31638755517510586,5.0,2.0,2.0,False,False,False,True,True
151,diverse_fill,difficult,swesmith,swesmith-oauthlib__oauthlib.1fd52536.combine_file__kruun5qz,swesmith/swesmith-oauthlib__oauthlib.1fd52536.combine_file__kruun5qz,difficult,0.6132606493871283,0.6532606493871284,hard,0.9155425975485136,0.75,0.1875,0.5,17,0.0844574024514864,0.0823529411764705,0.2478977353612409,0.5766922603634782,0.14952435819369694,0.2679670979102531,3.0,8.0,3.0,False,True,False,False,False
152,diverse_fill,difficult;frontier_with_variance,swebenchpro,swebenchpro-instance_nodebb__nodebb-8ca65b0c78c67c1653487c02d1135e1b702185e1-vf2cf3cbd463b7ad942381f1c6d077626485a1e9e,swebenchpro/swebenchpro-instance_nodebb__nodebb-8ca65b0c78c67c1653487c02d1135e1b702185e1-vf2cf3cbd463b7ad942381f1c6d077626485a1e9e,difficult;frontier_with_variance,0.5640393411962035,0.6440393411962035,frontier,0.9761573647848139,0.2,0.7,0.5,20,0.0238426352151861,0.03,0.1307669683062202,0.2271469539290938,0.0198898382083827,0.4543450270303828,5.0,3.0,5.0,False,True,True,False,False
153,diverse_fill,high_composite,ineqmath,ineqmath-92,ineqmath/ineqmath-92,high_composite,0.6386011248810889,0.6386011248810889,easy,0.282975928095784,0.8095238095238095,0.7380952380952381,0.6666666666666666,20,0.717024071904216,0.72,0.3171750305430741,-0.2513995932920741,0.25361960528988764,0.16297993071421224,5.0,7.0,2.0,False,False,False,False,True
154,diverse_fill,high_composite,strongreject,strongreject_illegal_goods_and_services_0011_pap_logical_appeal,strongreject/strongreject_illegal_goods_and_services_0011_pap_logical_appeal,high_composite,0.631737137686346,0.631737137686346,medium,0.6069485507453842,0.4444444444444444,0.7777777777777778,0.8666666666666667,20,0.3930514492546158,0.39375,0.2508579030048685,0.1997177457964908,0.08682227300695801,0.5941949211556377,6.0,3.0,3.0,False,False,False,False,True
155,diverse_fill,difficult,swesmith,swesmith-oauthlib__oauthlib.1fd52536.combine_file__0qgnxkrq,swesmith/swesmith-oauthlib__oauthlib.1fd52536.combine_file__0qgnxkrq,difficult,0.5845072549692085,0.6245072549692086,hard,0.8480290198768337,0.625,0.375,0.4,18,0.1519709801231663,0.1851851666666666,0.2419626993439392,0.4062873525700416,0.1440354011917064,0.34412722198087287,4.0,6.0,4.0,False,True,False,False,False
156,diverse_fill,difficult;high_composite,codepde,codepde-cns1d,codepde/codepde-cns1d,difficult;high_composite,0.5800000000000001,0.6200000000000001,frontier,1.0,0.5,0.5,0.2,16,0.0,0.0,0.0,,,,,,1.0,False,True,False,False,True
157,diverse_fill,unique_unpredictable,swebenchpro,swebenchpro-instance_navidrome__navidrome-677d9947f302c9f7bba8c08c788c3dc99f235f39,swebenchpro/swebenchpro-instance_navidrome__navidrome-677d9947f302c9f7bba8c08c788c3dc99f235f39,unique_unpredictable,0.5669000842400284,0.6069000842400284,easy,0.2276003369601134,0.4,1.0,0.8,20,0.7723996630398866,0.7300000000000001,0.3363034344160047,0.5381162068434721,0.09811210443796628,0.5469492588951864,4.0,1.0,4.0,False,False,False,True,False
158,diverse_fill,unique_unpredictable,strongreject,strongreject_violence_0033_pap_logical_appeal,strongreject/strongreject_violence_0033_pap_logical_appeal,unique_unpredictable,0.5612154843453996,0.6012154843453996,medium,0.5648619373815984,0.2222222222222222,0.8888888888888888,0.8,20,0.4351380626184016,0.4462499999999999,0.2230856057660377,-0.0965349154028789,0.06641728483595237,0.6107230227120297,8.0,2.0,4.0,False,False,False,True,False
159,diverse_fill,unique_unpredictable,devopsgym,devopsgym-codegen__prometheus__prometheus-7667,devopsgym/devopsgym-codegen__prometheus__prometheus-7667,unique_unpredictable,0.5202471400600095,0.5602471400600095,easy,0.2143218935733715,0.3333333333333333,1.0,0.6666666666666666,19,0.7856781064266285,0.7894736842105263,0.4076824574955175,-0.216422991242811,0.0041645779476949946,0.890561755718929,3.0,1.0,3.0,False,False,False,True,False
160,diverse_fill,high_composite,sldbench,sldbench-vocab_scaling_law,sldbench/sldbench-vocab_scaling_law,high_composite,0.47813347383473337,0.47813347383473337,easy,0.11253389533893332,0.5,0.5,1.0,20,0.8874661046610667,0.8587406249999999,0.3008065786997881,0.7233673720700807,,,,,1.0,False,False,False,False,True
